Hmm,I-A,I-B,I-C,I-D,I-E,I-F,I-F_T,I-G,II-A,II-B,II-C,III-A,III-B,III-C,III-D,III-E,III-F,IV-A1,IV-A2,IV-A3,IV-B,IV-C,IV-D,IV-E,V-A,V-B1,V-B2,V-C,V-D,V-E,V-F1,V-F2,V-F3,V-F,V-G,V-H,V-I,V-J,V-K,VI-A,VI-B1,VI-B2,VI-C,VI-D,VI-X,VI-Y,V-L,V-M,II-C2,II-D
Cas1_0_IA,4,,,,,,,,,,,,,,,,,,,,,,,,,,,,,,,,,,,,,,,,,,,,,,,,,
Cas1_0_IC,,,4,,,,,,,,,,,,,,,,,,,,,,,,,,,,,,,,,,,,,,,,,,,,,,,
Cas1_0_IE,,,,,4,,,,,,,,,,,,,,,,,,,,,,,,,,,,,,,,,,,,,,,,,,,,,
Cas1_0_IF,,,,,,4,,,,,,,,,,,,,,,,,,,,,,,,,,,,,,,,,,,,,,,,,,,,
Cas1_0_II,,,,,,,,,1,1,1,1,1,1,1,,,,,,,,,,,,,,,,,,,,,,,,,,,,,,,,,,,
Cas1_0_I-II-III,1,1,1,1,1,1,,,1,1,1,1,1,1,1,,,,,,,,,,1,1,1,1,,,,,,,,,,,,1,,,,1,,,,,,
Cas1_0_I-II-III-V,1,1,1,1,,,,,1,1,1,1,1,1,1,,,,,,,,,,1,1,1,1,1,1,1,1,1,1,,,,,,1,,,,1,,,1,,,
Cas1_0_V,,,,,,,,,,,,,,,,,,,,,,,,,1,1,1,1,1,1,1,1,1,1,,,,,,,,,,,,,1,,,
Cas2_0_IE,,,,,4,,,,,,,,,,,,,,,,,,,,,,,,,,,,,,,,,,,,,,,,,,,,,
Cas2_0_I-II-III,1,1,1,1,1,1,,1,1,1,1,1,1,1,1,,,,,,,,,,1,1,1,,,1,1,1,1,1,,,,,,1,,,,1,,,,,,
Cas2_0_I-II-III-V,1,1,1,1,,,,1,1,1,1,1,1,1,1,,,,,,,,,,1,1,1,,,1,1,1,1,1,,,,,,1,,,,1,,,1,,,
Cas3_0_ID,,,,4,,,,,,,,,,,,,,,,,,,,,,,,,,,,,,,,,,,,,,,,,,,,,,
Cas3_0_I,1,1,1,1,1,1,-4,1,-4,-4,1,1,1,1,1,,,,,,,,,,-4,-4,-4,-4,,,,,,,,,,,,,,,,,,,,,,
Cas3_0_IU,,,,,,,,4,,,,,,,,,,,,,,,,,,,,,,,,,,,,,,,,,,,,,,,,,,
Cas3_1_I,1,1,1,1,1,1,-4,1,-4,-4,1,1,1,1,1,,,,,,,,,,-4,-4,-4,-4,,,,,,,,,,,,,,,,,,,,,,
Cas3-Cas2_0_IF,,,,,,4,,,,,,,,,,,,,,,,,,,,,,,,,,,,,,,,,,,,,,,,,,,,
Cas4_0_IA,4,,,,,,,,,,,,,,,,,,,,,,,,,,,,,,,,,,,,,,,,,,,,,,,,,
Cas4_0_I-II,1,1,1,1,1,1,,1,-4,1,-4,,,1,1,,,,,,,,,,,,,,,,,,,,,,,,,,,,,,,,,,,
Cas4_0_I-II-V,1,1,,,,,,1,,,,,,,,,,,,,,,,,1,1,1,,,1,1,1,1,1,,,,,,,,,,,,,1,,,
Cas4_0_V,,,,,,,,,,,,,,,,,,,,,,,,,1,1,1,,,1,1,1,1,1,,,,,,,,,,,,,1,,,
Cas5_0_IA,4,,,,,,,,,,,,,,,,,,,,,,,,,,,,,,,,,,,,,,,,,,,,,,,,,
Cas5_0_IB,,4,,,,,,,,,,,,,,,,,,,,,,,,,,,,,,,,,,,,,,,,,,,,,,,,
Cas5_0_IC,,,4,,,,,,,,,,,,,,,,,,,,,,,,,,,,,,,,,,,,,,,,,,,,,,,
Cas5_0_IE,,,,,4,,,,,,,,,,,,,,,,,,,,,,,,,,,,,,,,,,,,,,,,,,,,,
Cas5_0_I,1,1,1,1,1,-4,,1,,,-4,,,,,,,,,,,,,,,,,,,,,,,,,,,,,,,,,,,,,,,
Cas5_1_IB,,4,,,,,,,,,,,,,,,,,,,,,,,,,,,,,,,,,,,,,,,,,,,,,,,,
Cas5_1_IC,,,4,,,,,,,,,,,,,,,,,,,,,,,,,,,,,,,,,,,,,,,,,,,,,,,
Cas6_0_IA,4,,,,,,,,,,,,,,,,,,,,,,,,,,,,,,,,,,,,,,,,,,,,,,,,,
Cas6_0_IE,,,,,4,,,,,,,,,,,,,,,,,,,,,,,,,,,,,,,,,,,,,,,,,,,,,
Cas6_0_IF,,,,,,4,,,,,,,,,,,,,,,,,,,,,,,,,,,,,,,,,,,,,,,,,,,,
Cas6_0_I-III,1,1,,1,,1,1,1,,,1,1,1,1,1,,,,,,,,,,,,,,,,,,,,,,,,,,,,,,,,,,,
Cas6_0_IVA3,,,,,,,,,,,,,,,,,,,,2,,,,,,,,,,,,,,,,,,,,,,,,,,,,,,
Cas6_1_IVE,,,,,,,,,,,,,,,,,,,,,,,,2,,,,,,,,,,,,,,,,,,,,,,,,,,
Cas6_2_IVA1,,,,,,,,,,,,,,,,,,2,,,,,,,,,,,,,,,,,,,,,,,,,,,,,,,,
Cas6_3_IVA,,,,,,,,,,,,,,,,,,1,1,,,,,,,,,,,,,,,,,,,,,,,,,,,,,,,
Cas6_4_IVA,,,,,,,,,,,,,,,,,,,1,,,,,,,,,,,,,,,,,,,,,,,,,,,,,,,
Cas6_5_IV,,,,,,,,,,,,,,,,,,,,,1,,,,,,,,,,,,,,,,,,,,,,,,,,,,,
Cas6_6_IVD,,,,,,,,,,,,,,,,,,,,,,,2,,,,,,,,,,,,,,,,,,,,,,,,,,,
Cas6_7_IV,,,,,,,,,,,,,,,,,,,,,1,1,,,,,,,,,,,,,,,,,,,,,,,,,,,,
Cas6_8_IVD,,,,,,,,,,,,,,,,,,,,,,,2,,,,,,,,,,,,,,,,,,,,,,,,,,,
Cas7_0_IA,4,,,,,,,,,,,,,,,,,,,,,,,,,,,,,,,,,,,,,,,,,,,,,,,,,
Cas7_0_IC,,,4,,,,,,,,,,,,,,,,,,,,,,,,,,,,,,,,,,,,,,,,,,,,,,,
Cas7_0_IE,,,,,4,,,,,,,,,,,,,,,,,,,,,,,,,,,,,,,,,,,,,,,,,,,,,
Cas7_0_I,2,1,,1,,,,,,,,,,,,,,,,,,,,,,,,,,,,,,,,,,,,,,,,,,,,,,
Cas7_1_IB,,4,,,,,,,,,,,,,,,,,,,,,,,,,,,,,,,,,,,,,,,,,,,,,,,,
Cas7_1_IC,,,4,,,,,,,,,,,,,,,,,,,,,,,,,,,,,,,,,,,,,,,,,,,,,,,
Cas7_2_IB,,4,,,,,,,,,,,,,,,,,,,,,,,,,,,,,,,,,,,,,,,,,,,,,,,,
Cas7_3_IB,,4,,,,,,,,,,,,,,,,,,,,,,,,,,,,,,,,,,,,,,,,,,,,,,,,
Cas8a1_0_IA,4,,,,,,,,,,,,,,,,,,,,,,,,,,,,,,,,,,,,,,,,,,,,,,,,,
Cas8a1_0_IB,,4,,,,,,,,,,,,,,,,,,,,,,,,,,,,,,,,,,,,,,,,,,,,,,,,
Cas8a1_1_IA,4,,,,,,,,,,,,,,,,,,,,,,,,,,,,,,,,,,,,,,,,,,,,,,,,,
Cas8a1_1_IB,,4,,,,,,,,,,,,,,,,,,,,,,,,,,,,,,,,,,,,,,,,,,,,,,,,
Cas8a1_2_IB,,4,,,,,,,,,,,,,,,,,,,,,,,,,,,,,,,,,,,,,,,,,,,,,,,,
Cas8b_0_IB,,4,,,,,,,,,,,,,,,,,,,,,,,,,,,,,,,,,,,,,,,,,,,,,,,,
Cas8c_0_IC,,-4,4,,,,,,,,,,,,,,,,,,,,,,,,,,,,,,,,,,,,,,,,,,,,,,,
Cas8c_1_IC,,,4,,,,,,,,,,,,,,,,,,,,,,,,,,,,,,,,,,,,,,,,,,,,,,,
Cas9_0_IIB,-4,-4,-4,-4,-4,-4,-4,-4,,4,,,,,,,,,,,,,,,-4,-4,-4,-4,,,,,,,,,,,,,,,,,,,,,,
Cas9_0_II,-4,-4,-4,-4,-4,-4,-4,-4,2,,2,,,,,,,,,,,,,,-4,-4,-4,-4,,,,,,,,,,,,,,,,,,,,,,
Cas9_1_IIB,-4,-4,-4,-4,-4,-4,-4,-4,-4,4,-4,,,,,,,,,,,,,,,,,,,,,,,,,,,,,,,,,,,,,,,
Cas9_1_II,-4,-4,-4,-4,-4,-4,-4,-4,2,,2,,,,,,,,,,,,,,,,,,,,,,,,,,,,,,,,,,,,,,,
Cas10_0_IIIA,,,,,,,,-4,,,,4,-4,,,,,,,,,,,,-4,-4,-4,-4,,,,,,,,,,,,,,,,,,,,,,
Cas10_0_IIIB,,,,,,,,-4,,,,,4,,,,,,,,,,,,-4,-4,-4,-4,,,,,,,,,,,,,,,,,,,,,,
Cas10_0_IIIC,,,,,,,,,,,,,,4,,,,,,,,,,,,,,,,,,,,,,,,,,,,,,,,,,,,
Cas10_0_III,,,,,,,,,,,,2,2,2,2,,,,,,,,,,,,,,,,,,,,,,,,,,,,,,,,,,,
Cas10_1_IIIB,,,,,,,,,,,,,4,,,,,,,,,,,,,,,,,,,,,,,,,,,,,,,,,,,,,
Cas10d_0_ID,,,,4,,,,,,,,,,,,,,,,,,,,,,,,,,,,,,,,,,,,,,,,,,,,,,
Cas10-like_0_IVC,,,,,,,,,,,,,,,,,,-4,-4,-4,-4,4,-4,-4,,,,,,,,,,,,,,,,,,,,,,,,,,
Cas10-like_1_IVC,,,,,,,,,,,,,,,,,,-4,-4,-4,-4,4,-4,-4,,,,,,,,,,,,,,,,,,,,,,,,,,
Cas10-like_2_IVC,,,,,,,,,,,,,,,,,,-4,-4,-4,-4,4,-4,-4,,,,,,,,,,,,,,,,,,,,,,,,,,
Cas10-like_3_IVC,,,,,,,,,,,,,,,,,,-4,-4,-4,-4,4,-4,-4,,,,,,,,,,,,,,,,,,,,,,,,,,
Cas11_0_IV,,,,,,,,,,,,,,,,,,,,,2,2,,,,,,,,,,,,,,,,,,,,,,,,,,,,
Cas11_1_IV,,,,,,,,,,,,,,,,,,,,,2,,,,,,,,,,,,,,,,,,,,,,,,,,,,,
Cas11_2_IV,,,,,,,,,,,,,,,,,,,,,2,,,,,,,,,,,,,,,,,,,,,,,,,,,,,
Cas11_3_IV,,,,,,,,,,,,,,,,,,,,,2,,,,,,,,,,,,,,,,,,,,,,,,,,,,,
Cas11_1_IVC,,,,,,,,,,,,,,,,,,,,,,3,,,,,,,,,,,,,,,,,,,,,,,,,,,,
Cas11_2_IVC,,,,,,,,,,,,,,,,,,,,,,3,,,,,,,,,,,,,,,,,,,,,,,,,,,,
Cas11_3_IVC,,,,,,,,,,,,,,,,,,,,,,3,,,,,,,,,,,,,,,,,,,,,,,,,,,,
Cas12a_0_VA,,,,,,,,,,,,,,,,,,,,,,,,,4,,,,,,,,,,,,,,,,,,,,,,,,,
Cas12a_1_VA,,,,,,,,,,,,,,,,,,,,,,,,,4,,,,,,,,,,,,,,,,,,,,,,,,,
Cas12b_0_VB,,,,,,,,,,,,,,,,,,,,,,,,,,4,,,,,,,,,,,,,,,,,,,,,,,,
Cas12c_0_VC,,,,,,,,,,,,,,,,,,,,,,,,,,,,4,,,,,,,,,,,,,,,,,,,,,,
Cas13a_0_VIA,,,,,,,,,,,,,,,,,,,,,,,,,,,,,,,,,,,,,,,,4,,,,,,,,,,
Cas13b_0_VIB1,,,,,,,,,,,,,,,,,,,,,,,,,,,,,,,,,,,,,,,,,4,,,,,,,,,
Cas13b_1_VIB2,,,,,,,,,,,,,,,,,,,,,,,,,,,,,,,,,,,,,,,,,,4,,,,,,,,
Cas13c_0_VIC,,,,,,,,,,,,,,,,,,,,,,,,,,,,,,,,,,,,,,,,,,,4,,,,,,,
Cmr1_0_IIIB,,,,,,,,,,,,,4,,,,,,,,,,,,,,,,,,,,,,,,,,,,,,,,,,,,,
Cmr1_0_IIIC,,,,,,,,,,,,1,1,2,1,,,,,,,,,,,,,,,,,,,,,,,,,,,,,,,,,,,
Cmr3_0_IIIB,,,,,,,,,,,,1,2,1,1,,,,,,,,,,,,,,,,,,,,,,,,,,,,,,,,,,,
Cmr3_0_IIIC,,,,,,,,,,,,1,1,2,1,,,,,,,,,,,,,,,,,,,,,,,,,,,,,,,,,,,
Cmr3_1_IIIB,,,,,,,,,,,,,4,,,,,,,,,,,,,,,,,,,,,,,,,,,,,,,,,,,,,
Cmr4_0_IIIB,,,,,,,,,,,,1,2,1,1,,,,,,,,,,,,,,,,,,,,,,,,,,,,,,,,,,,
Cmr4_1_IIIB,,,,,,,,,,,,,4,,,,,,,,,,,,,,,,,,,,,,,,,,,,,,,,,,,,,
Cmr5_0_IIIB,,,,,,,,,,,,1,2,1,1,,,,,,,,,,,,,,,,,,,,,,,,,,,,,,,,,,,
Cmr5_0_IIIC,,,,,,,,,,,,,1,2,1,,,,,,,,,,,,,,,,,,,,,,,,,,,,,,,,,,,
Cmr5_1_IIIB,,,,,,,,,,,,,4,,,,,,,,,,,,,,,,,,,,,,,,,,,,,,,,,,,,,
Cmr5_1_IIIC,,,,,,,,,,,,,,4,,,,,,,,,,,,,,,,,,,,,,,,,,,,,,,,,,,,
Cmr6_0_IIIB,,,,,,,,,,,,1,4,,,,,,,,,,,,,,,,,,,,,,,,,,,,,,,,,,,,,
Cmr6_0_IIIC,,,,,,,,,,,,,1,2,1,,,,,,,,,,,,,,,,,,,,,,,,,,,,,,,,,,,
Cmr6_1_IIIB,,,,,,,,,,,,,4,,,,,,,,,,,,,,,,,,,,,,,,,,,,,,,,,,,,,
Cmr7_0_IIIB,,,,,,,,,,,,1,2,1,1,,,,,,,,,,,,,,,,,,,,,,,,,,,,,,,,,,,
Cmr8_0_IIIB,,,,,,,,,,,,1,2,1,1,,,,,,,,,,,,,,,,,,,,,,,,,,,,,,,,,,,
Csa5_0_IA,4,,,,,,,,,,,,,,,,,,,,,,,,,,,,,,,,,,,,,,,,,,,,,,,,,
CsaX_0_IA,4,,,,,,,,,,,,,,,,,,,,,,,,,,,,,,,,,,,,,,,,,,,,,,,,,
Csb1_0_IU,,,,,,,,4,,,,,,,,,,,,,,,,,,,,,,,,,,,,,,,,,,,,,,,,,,
Csb2_0_IU,,,,,,,,4,,,,,,,,,,,,,,,,,,,,,,,,,,,,,,,,,,,,,,,,,,
Csb3_0_IU,,,,,,,,4,,,,,,,,,,,,,,,,,,,,,,,,,,,,,,,,,,,,,,,,,,
Csc1_0_ID,,,,4,,,,,,,,,,,,,,,,,,,,,,,,,,,,,,,,,,,,,,,,,,,,,,
Csc2_0_ID,,,,4,,,,,,,,,,,,,,,,,,,,,,,,,,,,,,,,,,,,,,,,,,,,,,
Cse1_0_IE,,,,,4,,,,,,,,,,,,,,,,,,,,,,,,,,,,,,,,,,,,,,,,,,,,,
Cse2_0_IE,,,,,4,,,,,,,,,,,,,,,,,,,,,,,,,,,,,,,,,,,,,,,,,,,,,
Csf1_0_IV,,,,,,,,,,,,,,,,,,2,-4,,2,,2,,,,,,,,,,,,,,,,,,,,,,,,,,,
Csf1_1_IVA1,,,,,,,,,,,,,,,,,,4,-4,-4,,,,,,,,,,,,,,,,,,,,,,,,,,,,,,
Csf1_2_IVA3,,,,,,,,,,,,,,,,,,-4,-4,4,,,,,,,,,,,,,,,,,,,,,,,,,,,,,,
Csf2_0_IV,,,,,,,,,,,,,,,,,,2,2.1,2,2,2,2,2,,,,,,,,,,,,,,,,,,,,,,,,,,
Csf2_1_IVA3,,,,,,,,,,,,,,,,,,-4,-4,4,,,,,,,,,,,,,,,,,,,,,,,,,,,,,,
Csf3_0_IV,,,,,,,,,,,,,,,,,,2,2,2,2,,2,,,,,,,,,,,,,,,,,,,,,,,,,,,
Csf3_1_IVC,,,,,,,,,,,,,,,,,,,,,,4,,,,,,,,,,,,,,,,,,,,,,,,,,,,
Csf3-Csf1_0_IVE,,,,,,,,,,,,,,,,,,-4,-4,-4,-4,-4,-4,4,,,,,,,,,,,,,,,,,,,,,,,,,,
Csf4_0_IVA,,,,,,,,,,,,,,,,,,2,2,2,-4,-4,-4,-4,,,,,,,,,,,,,,,,,,,,,,,,,,
Csf4_1_IVA1,,,,,,,,,,,,,,,,,,4,,,-4,-4,-4,-4,,,,,,,,,,,,,,,,,,,,,,,,,,
Csf4_2_IVA1,,,,,,,,,,,,,,,,,,4,,,-4,-4,-4,-4,,,,,,,,,,,,,,,,,,,,,,,,,,
Csf4_3_IVE,,,,,,,,,,,,,,,,,,-4,-4,-4,-4,-4,-4,4,,,,,,,,,,,,,,,,,,,,,,,,,,
Csm2_0_IIIA,,,,,,,,,,,,4,,,,,,,,,,,,,,,,,,,,,,,,,,,,,,,,,,,,,,
Csm2_0_IIID,,,,,,,,,,,,,,,4,,,,,,,,,,,,,,,,,,,,,,,,,,,,,,,,,,,
Csm2_1_IIIA,,,,,,,,,,,,4,,,,,,,,,,,,,,,,,,,,,,,,,,,,,,,,,,,,,,
Csm3_0_IIIAD,,,,,,,,,,,,2,,,2,,2,,,,,,,,,,,,,,,,,,,,,,,,,,,,,,,,,
Csm3_0_IIIA,,,,,,,,,,,,4,,,,,,,,,,,,,,,,,,,,,,,,,,,,,,,,,,,,,,
Csm3_0_IIID,,,,,,,,,,,,,,,4,,,,,,,,,,,,,,,,,,,,,,,,,,,,,,,,,,,
Csm3_1_IIIAD,,,,,,,,,,,,2,,,2,,2,,,,,,,,,,,,,,,,,,,,,,,,,,,,,,,,,
Csm3_1_IIID,,,,,,,,,,,,,,,4,,,,,,,,,,,,,,,,,,,,,,,,,,,,,,,,,,,
Csm4_0_IIIA,,,,,,,,,,,,4,,,,,,,,,,,,,,,,,,,,,,,,,,,,,,,,,,,,,,
Csm4_1_IIIA,,,,,,,,,,,,4,-4,,,,,,,,,,,,,,,,,,,,,,,,,,,,,,,,,,,,,
Csm5_0_IIIA,,,,,,,,,,,,4,,,,,,,,,,,,,,,,,,,,,,,,,,,,,,,,,,,,,,
Csm5_1_IIIA,,,,,,,,,,,,4,-4,,,,,,,,,,,,,,,,,,,,,,,,,,,,,,,,,,,,,
Csm6_0_IIIA,,,,,,,,,,,,3,,,,,,,,,,,,,,,,,,,,,,,,,,,,,,,,,,,,,,
Csn2_0_IIA,,,,,,,,,4,-4,-4,,,,,,,,,,,,,,,,,,,,,,,,,,,,,,,,,,,,,,,
Csx10_0_IIID,,,,,,,,,,,,,,,4,,,,,,,,,,,,,,,,,,,,,,,,,,,,,,,,,,,
Csx10_1_IIID,,,,,,,,,,,,,,,4,,,,,,,,,,,,,,,,,,,,,,,,,,,,,,,,,,,
Csx17_0_IU,,,,,,,,4,,,,,,,,,,,,,,,,,,,,,,,,,,,,,,,,,,,,,,,,,,
Csx19_0_IIID,,,,,,,,,,,,,,,4,,,,,,,,,,,,,,,,,,,,,,,,,,,,,,,,,,,
Csy1_0_IF,,,,,,2,2,,,,,,,,,,,,,,,,,,,,,,,,,,,,,,,,,,,,,,,,,,,
Csy2_0_IF,,,,,,2,2,,,,,,,,,,,,,,,,,,,,,,,,,,,,,,,,,,,,,,,,,,,
Csy3_0_IF,,,,,,2,2,,,,,,,,,,,,,,,,,,,,,,,,,,,,,,,,,,,,,,,,,,,
CysH_0_IVB,,,,,,,,,,,,,,,,,,,,,3,,,,,,,,,,,,,,,,,,,,,,,,,,,,,
RecD_0_IVD,,,,,,,,,,,,,,,,,,-4,-4,-4,-4,-4,4,-4,,,,,,,,,,,,,,,,,,,,,,,,,,
2OG_0_CAS-I-II-III-IV-V-VI,,,,,,,,,,,,,,,,,,,,,,,,,,,,,,,,,,,,,,,,,,,,,,,,,,
2OG_1_CAS-I-II-III-IV-V-VI,,,,,,,,,,,,,,,,,,,,,,,,,,,,,,,,,,,,,,,,,,,,,,,,,,
AbiEii_0_CAS-III,,,,,,,,,,,,1,1,1,1,,,,,,,,,,,,,,,,,,,,,,,,,,,,,,,,,,,
AbiEii_1_CAS-III-A,,,,,,,,,,,,1,,,,,,,,,,,,,,,,,,,,,,,,,,,,,,,,,,,,,,
AbiEii_2_CAS-III-C,,,,,,,,,,,,,,1,,,,,,,,,,,,,,,,,,,,,,,,,,,,,,,,,,,,
Cas1_0_CAS-I-II-III-IV-V-VI,2,2,2,2,2,2,,2,2,2,2,1,1,1,1,1,1,,,,,,,,2,2,2,2,1,2,2,2,2,2,,,,,,1,,,,1,,,1,1,1,1
Cas1_1_CAS-I-II-III-IV-V-VI,2,2,2,2,2,2,,2,2,2,2,1,1,1,1,1,1,,,,,,,,2,2,2,2,1,2,2,2,2,2,,,,,,1,,,,1,,,1,1,1,1
Cas1_2_CAS-I-II-III-IV-V-VI,2,2,2,2,2,2,,2,2,2,2,1,1,1,1,1,1,,,,,,,,2,2,2,2,1,2,2,2,2,2,,,,,,1,,,,1,,,1,1,1,1
Cas1_3_CAS-I-II-III-IV-V-VI,2,2,2,2,2,2,,2,2,2,2,1,1,1,1,1,1,,,,,,,,2,2,2,2,1,2,2,2,2,2,,,,,,1,,,,1,,,1,1,1,1
Cas1_4_CAS-I-II-III-IV-V-VI,2,2,2,2,2,2,,2,2,2,2,1,1,1,1,1,1,,,,,,,,2,2,2,2,1,2,2,2,2,2,,,,,,1,,,,1,,,1,1,1,1
Cas1_5_CAS-I-II-III-IV-V-VI,2,2,2,2,2,2,,2,2,2,2,1,1,1,1,1,1,,,,,,,,2,2,2,2,1,2,2,2,2,2,,,,,,1,,,,1,,,1,1,1,1
Cas1_6_CAS-I-II-III-IV-V-VI,2,2,2,2,2,2,,2,2,2,2,1,1,1,1,1,1,,,,,,,,2,2,2,2,1,2,2,2,2,2,,,,,,1,,,,1,,,1,1,1,1
Cas1_7_CAS-I-II-III-IV-V-VI,2,2,2,2,2,2,,2,2,2,2,1,1,1,1,1,1,,,,,,,,2,2,2,2,1,2,2,2,2,2,,,,,,1,,,,1,,,1,1,1,1
Cas1_8_CAS-I-II-III-IV-V-VI,2,2,2,2,2,2,,2,2,2,2,1,1,1,1,1,1,,,,,,,,2,2,2,2,1,2,2,2,2,2,,,,,,1,,,,1,,,1,1,1,1
Cas1_0_CAS-III-B,,,,,,,,,,,,,3,,,,,,,,,,,,,,,,,,,,,,,,,,,,,,,,,,,,,
Cas10_0_CAS-III,,,,,,,,,,,,2,2,2,2,,,,,,,,,,,,,,,,,,,,,,,,,,,,,,,,,,,
Cas10_1_CAS-III,,,,,,,,,,,,2,2,2,2,,,,,,,,,,,,,,,,,,,,,,,,,,,,,,,,,,,
Cas10_2_CAS-III,,,,,,,,,,,,2,2,2,2,,,,,,,,,,,,,,,,,,,,,,,,,,,,,,,,,,,
Cas10_3_CAS-III,,,,,,,,,,,,2,2,2,2,,,,,,,,,,,,,,,,,,,,,,,,,,,,,,,,,,,
Cas10_4_CAS-III,,,,,,,,,,,,2,2,2,2,,,,,,,,,,,,,,,,,,,,,,,,,,,,,,,,,,,
Cas10_5_CAS-III,,,,,,,,,,,,2,2,2,2,,,,,,,,,,,,,,,,,,,,,,,,,,,,,,,,,,,
Cas10_6_CAS-III,,,,,,,,,,,,2,2,2,2,,,,,,,,,,,,,,,,,,,,,,,,,,,,,,,,,,,
Cas10_7_CAS-III,,,,,,,,,,,,2,2,2,2,,,,,,,,,,,,,,,,,,,,,,,,,,,,,,,,,,,
Cas10_0_CAS-III-A,,,,,,,,,,,,2.1,,,,,2,,,,,,,,,,,,,,,,,,,,,,,,,,,,,,,,,
Cas10_0_CAS-III-B,,,,,,,,,,,,,4,,,,,,,,,,,,,,,,,,,,,,,,,,,,,,,,,,,,,
Cas10_1_CAS-III-B,,,,,,,,,,,,,4,,,,,,,,,,,,,,,,,,,,,,,,,,,,,,,,,,,,,
Cas10_0_CAS-III-C,,,,,,,,,,,,,,4,,,,,,,,,,,,,,,,,,,,,,,,,,,,,,,,,,,,
Cas10d_0_CAS-I-D,,,,4,,,,,,,,,,,,,,,,,,,,,,,,,,,,,,,,,,,,,,,,,,,,,,
Cas10d_1_CAS-I-D,,,,4,,,,,,,,,,,,,,,,,,,,,,,,,,,,,,,,,,,,,,,,,,,,,,
Cas10d_2_CAS-I-D,,,,4,,,,,,,,,,,,,,,,,,,,,,,,,,,,,,,,,,,,,,,,,,,,,,
Cas10d_3_CAS-I-D,,,,4,,,,,,,,,,,,,,,,,,,,,,,,,,,,,,,,,,,,,,,,,,,,,,
Cas10d_4_CAS-I-D,,,,4,,,,,,,,,,,,,,,,,,,,,,,,,,,,,,,,,,,,,,,,,,,,,,
Cas10d_5_CAS-I-D,,,,4,,,,,,,,,,,,,,,,,,,,,,,,,,,,,,,,,,,,,,,,,,,,,,
Cas10d_6_CAS-I-D,,,,4,,,,,,,,,,,,,,,,,,,,,,,,,,,,,,,,,,,,,,,,,,,,,,
Cas10d_7_CAS-I-D,,,,4,,,,,,,,,,,,,,,,,,,,,,,,,,,,,,,,,,,,,,,,,,,,,,
Cas10d_8_CAS-I-D,,,,4,,,,,,,,,,,,,,,,,,,,,,,,,,,,,,,,,,,,,,,,,,,,,,
Cas11_0_CAS-III-D,,,,,,,,,,,,,,,4,,,,,,,,,,,,,,,,,,,,,,,,,,,,,,,,,,,
Cas11b_0_CAS-I-B,,4,,,,,,,,,,,,,,,,,,,,,,,,,,,,,,,,,,,,,,,,,,,,,,,,
Cas11b_1_CAS-I-B,,4,,,,,,,,,,,,,,,,,,,,,,,,,,,,,,,,,,,,,,,,,,,,,,,,
Cas11b_2_CAS-I-B,,4,,,,,,,,,,,,,,,,,,,,,,,,,,,,,,,,,,,,,,,,,,,,,,,,
Cas11d_0_CAS-I-D,,,,4,,,,,,,,,,,,,,,,,,,,,,,,,,,,,,,,,,,,,,,,,,,,,,
Cas11d2_0_CAS-I-D,,,,4,,,,,,,,,,,,,,,,,,,,,,,,,,,,,,,,,,,,,,,,,,,,,,
Cas12a_0_CAS-V-A,,,,,,,,,,,,,,,,,,,,,,,,,4,,,,,,,,,,,,,,,,,,,,,,,,,
Cas12a_1_CAS-V-A,,,,,,,,,,,,,,,,,,,,,,,,,4,,,,,,,,,,,,,,,,,,,,,,,,,
Cas12b1_0_CAS-V-B,,,,,,,,,,,,,,,,,,,,,,,,,,4,,,,,,,,,,,,,,,,,,,,,,,,
Cas12b2_0_CAS-V-B,,,,,,,,,,,,,,,,,,,,,,,,,,,4,,,,,,,,,,,,,,,,,,,,,,,
Cas12b2_1_CAS-V-B,,,,,,,,,,,,,,,,,,,,,,,,,,,4,,,,,,,,,,,,,,,,,,,,,,,
Cas12c_0_CAS-V-C,,,,,,,,,,,,,,,,,,,,,,,,,,,,4,,,,,,,,,,,,,,,,,,,,,,
Cas12c_1_CAS-V-C,,,,,,,,,,,,,,,,,,,,,,,,,,,,4,,,,,,,,,,,,,,,,,,,,,,
Cas12d_0_CAS-V-D,,,,,,,,,,,,,,,,,,,,,,,,,,,,,4,,,,,,,,,,,,,,,,,,,,,
Cas12e_0_CAS-V-E,,,,,,,,,,,,,,,,,,,,,,,,,,,,,,4,,,,,,,,,,,,,,,,,,,,
Cas12e_1_CAS-V-E,,,,,,,,,,,,,,,,,,,,,,,,,,,,,,4,,,,,,,,,,,,,,,,,,,,
Cas12f1_0_CAS-V-F,,,,,,,,,,,,,,,,,,,,,,,,,,,,,,,4,,,,,,,,,,,,,,,,,,,
Cas12f1_1_CAS-V-F,,,,,,,,,,,,,,,,,,,,,,,,,,,,,,,4,,,,,,,,,,,,,,,,,,,
Cas12f1_2_CAS-V-F,,,,,,,,,,,,,,,,,,,,,,,,,,,,,,,4,,,,,,,,,,,,,,,,,,,
Cas12f2_0_CAS-V-F,,,,,,,,,,,,,,,,,,,,,,,,,,,,,,,,4,,,,,,,,,,,,,,,,,,
Cas12f2_1_CAS-V-F,,,,,,,,,,,,,,,,,,,,,,,,,,,,,,,,4,,,,,,,,,,,,,,,,,,
Cas12f2_2_CAS-V-F,,,,,,,,,,,,,,,,,,,,,,,,,,,,,,,,4,,,,,,,,,,,,,,,,,,
Cas12f3_0_CAS-V-F,,,,,,,,,,,,,,,,,,,,,,,,,,,,,,,,,4,,,,,,,,,,,,,,,,,
Cas12f6_0_CAS-V-F,,,,,,,,,,,,,,,,,,,,,,,,,,,,,,,,,,4,,,,,,,,,,,,,,,,
Cas12f7_0_CAS-V-F,,,,,,,,,,,,,,,,,,,,,,,,,,,,,,,,,,4,,,,,,,,,,,,,,,,
Cas12g_0_CAS-V-G,,,,,,,,,,,,,,,,,,,,,,,,,,,,,,,,,,,4,,,,,,,,,,,,,,,
Cas12h_0_CAS-V-H,,,,,,,,,,,,,,,,,,,,,,,,,,,,,,,,,,,,4,,,,,,,,,,,,,,
Cas12i_0_CAS-V-I,,,,,,,,,,,,,,,,,,,,,,,,,,,,,,,,,,,,,4,,,,,,,,,,,,,
Cas12j_0_V-J,,,,,,,,,,,,,,,,,,,,,,,,,,,,,,,,,,,,,,4,,,,,,,,,,,,
Cas13a_0_CAS-VI-A,,,,,,,,,,,,,,,,,,,,,,,,,,,,,,,,,,,,,,,,4,,,,,,,,,,
Cas13b_0_CAS-VI-B,,,,,,,,,,,,,,,,,,,,,,,,,,,,,,,,,,,,,,,,,4,,,,,,,,,
Cas13b_1_CAS-VI-B,,,,,,,,,,,,,,,,,,,,,,,,,,,,,,,,,,,,,,,,,,4,,,,,,,,
Cas13c_0_CAS-VI-C,,,,,,,,,,,,,,,,,,,,,,,,,,,,,,,,,,,,,,,,,,,4,,,,,,,
Cas13d_0_CAS-VI-D,,,,,,,,,,,,,,,,,,,,,,,,,,,,,,,,,,,,,,,,,,,,4,,,,,,
Cas13gr13_0_CAS-VI,,,,,,,,,,,,,,,,,,,,,,,,,,,,,,,,,,,,,,,,2,2,2,2,2,,,,,,
Cas2_0_CAS-I-II-III-IV-V-VI,2,2,2,2,2,2,,2,2,2,2,1,1,1,1,1,1,,,,,,,,2,2,2,,,2,2,2,2,2,,,,,,1,,,,1,,,1,1,1,1
Cas2_1_CAS-I-II-III-IV-V-VI,2,2,2,2,2,2,,2,2,2,2,1,1,1,1,1,1,,,,,,,,2,2,2,,,2,2,2,2,2,,,,,,1,,,,1,,,1,1,1,1
Cas2_2_CAS-I-II-III-IV-V-VI,2,2,2,2,2,2,,2,2,2,2,1,1,1,1,1,1,,,,,,,,2,2,2,,,2,2,2,2,2,,,,,,1,,,,1,,,1,1,1,1
Cas2_3_CAS-I-II-III-IV-V-VI,2,2,2,2,2,2,,2,2,2,2,1,1,1,1,1,1,,,,,,,,2,2,2,,,2,2,2,2,2,,,,,,1,,,,1,,,1,1,1,1
Cas2_4_CAS-I-II-III-IV-V-VI,2,2,2,2,2,2,,2,2,2,2,1,1,1,1,1,1,,,,,,,,2,2,2,,,2,2,2,2,2,,,,,,1,,,,1,,,1,1,1,1
Cas2_5_CAS-I-II-III-IV-V-VI,2,2,2,2,2,2,,2,2,2,2,1,1,1,1,1,1,,,,,,,,2,2,2,,,2,2,2,2,2,,,,,,1,,,,1,,,1,1,1,1
Cas2_6_CAS-I-II-III-IV-V-VI,2,2,2,2,2,2,,2,2,2,2,1,1,1,1,1,1,,,,,,,,2,2,2,,,2,2,2,2,2,,,,,,1,,,,1,,,1,1,1,1
Cas2_7_CAS-I-II-III-IV-V-VI,2,2,2,2,2,2,,2,2,2,2,1,1,1,1,1,1,,,,,,,,2,2,2,,,2,2,2,2,2,,,,,,1,,,,1,,,1,1,1,1
Cas2_8_CAS-I-II-III-IV-V-VI,2,2,2,2,2,2,,2,2,2,2,1,1,1,1,1,1,,,,,,,,2,2,2,,,2,2,2,2,2,,,,,,1,,,,1,,,1,1,1,1
Cas2_9_CAS-I-II-III-IV-V-VI,2,2,2,2,2,2,,2,2,2,2,1,1,1,1,1,1,,,,,,,,2,2,2,,,2,2,2,2,2,,,,,,1,,,,1,,,1,1,1,1
Cas2_10_CAS-I-II-III-IV-V-VI,2,2,2,2,2,2,,2,2,2,2,1,1,1,1,1,1,,,,,,,,2,2,2,,,2,2,2,2,2,,,,,,1,,,,1,,,1,1,1,1
Cas2_11_CAS-I-II-III-IV-V-VI,2,2,2,2,2,2,,2,2,2,2,1,1,1,1,1,1,,,,,,,,2,2,2,,,2,2,2,2,2,,,,,,1,,,,1,,,1,1,1,1
Cas2_0_CAS-III-AM,,,,,,,,,,,,3,,,,,,,,,,,,,,,,,,,,,,,,,,,,,,,,,,,,,,
Cas3_0_CAS-I,2,2,2,2,2,2,-4,2,,,,,,,,,,,,,,,,,,,,,,,,,,,,,,,,,,,,,,,,,,
Cas3_1_CAS-I,2,2,2,2,2,2,-4,2,,,,,,,,,,,,,,,,,,,,,,,,,,,,,,,,,,,,,,,,,,
Cas3_2_CAS-I,2,2,2,2,2,2,-4,2,,,,,,,,,,,,,,,,,,,,,,,,,,,,,,,,,,,,,,,,,,
Cas3_0_CAS-I-D,,,,4,,,,,,,,,,,,,,,,,,,,,,,,,,,,,,,,,,,,,,,,,,,,,,
Cas3_1_CAS-I-D,,,,4,,,,,,,,,,,,,,,,,,,,,,,,,,,,,,,,,,,,,,,,,,,,,,
Cas3_0_CAS-I-U,,,,,,,,4,,,,,,,,,,,,,,,,,,,,,,,,,,,,,,,,,,,,,,,,,,
Cas3d_0_CAS-I-D,,,,4,,,,,,,,,,,,,,,,,,,,,,,,,,,,,,,,,,,,,,,,,,,,,,
Cas3d_1_CAS-I-D,,,,4,,,,,,,,,,,,,,,,,,,,,,,,,,,,,,,,,,,,,,,,,,,,,,
Cas3-Cas2_0_CAS-I-F,,,,,,4,,,,,,,,,,,,,,,,,,,,,,,,,,,,,,,,,,,,,,,,,,,,
Cas3HD_0_CAS-I,2,2,2,2,2,2,-4,2,,,,,,,,,,,,,,,,,,,,,,,,,,,,,,,,,,,,,,,,,,
Cas3HD_1_CAS-I,2,2,2,2,2,2,-4,2,,,,,,,,,,,,,,,,,,,,,,,,,,,,,,,,,,,,,,,,,,
Cas3HD_2_CAS-I,2,2,2,2,2,2,-4,2,,,,,,,,,,,,,,,,,,,,,,,,,,,,,,,,,,,,,,,,,,
Cas3HD_0_CAS-I-E,,,,,4,,,,,,,,,,,,,,,,,,,,,,,,,,,,,,,,,,,,,,,,,,,,,
Cas4_0_CAS-I-II-III-IV-V-VI,2,2,2,2,,,,2,,2,1,,,,,,,,,,,,,,2,2,2,,,2,2,2,2,2,,,,,,,,,,,,,1,1,1,1
Cas4_1_CAS-I-II-III-IV-V-VI,2,2,2,2,,,,2,,2,1,,,,,,,,,,,,,,2,2,2,,,2,2,2,2,2,,,,,,,,,,,,,1,1,1,1
Cas4_2_CAS-I-II-III-IV-V-VI,2,2,2,2,,,,2,,2,1,,,,,,,,,,,,,,2,2,2,,,2,2,2,2,2,,,,,,,,,,,,,1,1,1,1
Cas4_3_CAS-I-II-III-IV-V-VI,2,2,2,2,,,,2,,2,1,,,,,,,,,,,,,,2,2,2,,,2,2,2,2,2,,,,,,,,,,,,,1,1,1,1
Cas4_4_CAS-I-II-III-IV-V-VI,2,2,2,2,,,,2,,2,1,,,,,,,,,,,,,,2,2,2,,,2,2,2,2,2,,,,,,,,,,,,,1,1,1,1
Cas4_5_CAS-I-II-III-IV-V-VI,2,2,2,2,,,,2,,2,1,,,,,,,,,,,,,,2,2,2,,,2,2,2,2,2,,,,,,,,,,,,,1,1,1,1
Cas4_6_CAS-I-II-III-IV-V-VI,2,2,2,2,,,,2,,2,1,,,,,,,,,,,,,,2,2,2,,,2,2,2,2,2,,,,,,,,,,,,,1,1,1,1
Cas5_0_CAS-I,2,2,2,2,2,2,2,2,,,,,,,,,,,,,,,,,,,,,,,,,,,,,,,,,,,,,,,,,,
Cas5_1_CAS-I,2,2,2,2,2,2,2,2,,,,,,,,,,,,,,,,,,,,,,,,,,,,,,,,,,,,,,,,,,
Cas5_2_CAS-I,2,2,2,2,2,2,2,2,,,,,,,,,,,,,,,,,,,,,,,,,,,,,,,,,,,,,,,,,,
Cas5_0_CAS-I-A,4,,,,,,,,,,,,,,,,,,,,,,,,,,,,,,,,,,,,,,,,,,,,,,,,,
Cas5_1_CAS-I-A,4,,,,,,,,,,,,,,,,,,,,,,,,,,,,,,,,,,,,,,,,,,,,,,,,,
Cas5_2_CAS-I-A,4,,,,,,,,,,,,,,,,,,,,,,,,,,,,,,,,,,,,,,,,,,,,,,,,,
Cas5_0_CAS-I-B,,4,,,,,,,,,,,,,,,,,,,,,,,,,,,,,,,,,,,,,,,,,,,,,,,,
Cas5_1_CAS-I-B,,4,,,,,,,,,,,,,,,,,,,,,,,,,,,,,,,,,,,,,,,,,,,,,,,,
Cas5_2_CAS-I-B,,4,,,,,,,,,,,,,,,,,,,,,,,,,,,,,,,,,,,,,,,,,,,,,,,,
Cas5_3_CAS-I-B,,4,,,,,,,,,,,,,,,,,,,,,,,,,,,,,,,,,,,,,,,,,,,,,,,,
Cas5_4_CAS-I-B,,4,,,,,,,,,,,,,,,,,,,,,,,,,,,,,,,,,,,,,,,,,,,,,,,,
Cas5_5_CAS-I-B,,4,,,,,,,,,,,,,,,,,,,,,,,,,,,,,,,,,,,,,,,,,,,,,,,,
Cas5_6_CAS-I-B,,4,,,,,,,,,,,,,,,,,,,,,,,,,,,,,,,,,,,,,,,,,,,,,,,,
Cas5_7_CAS-I-B,,4,,,,,,,,,,,,,,,,,,,,,,,,,,,,,,,,,,,,,,,,,,,,,,,,
Cas5_8_CAS-I-B,,4,,,,,,,,,,,,,,,,,,,,,,,,,,,,,,,,,,,,,,,,,,,,,,,,
Cas5_9_CAS-I-B,,4,,,,,,,,,,,,,,,,,,,,,,,,,,,,,,,,,,,,,,,,,,,,,,,,
Cas5_10_CAS-I-B,,4,,,,,,,,,,,,,,,,,,,,,,,,,,,,,,,,,,,,,,,,,,,,,,,,
Cas5_0_CAS-I-C,,,4,,,,,,,,,,,,,,,,,,,,,,,,,,,,,,,,,,,,,,,,,,,,,,,
Cas5_1_CAS-I-C,,,4,,,,,,,,,,,,,,,,,,,,,,,,,,,,,,,,,,,,,,,,,,,,,,,
Cas5_0_CAS-I-E,,,,,4,,,,,,,,,,,,,,,,,,,,,,,,,,,,,,,,,,,,,,,,,,,,,
Cas5_1_CAS-I-E,,,,,4,,,,,,,,,,,,,,,,,,,,,,,,,,,,,,,,,,,,,,,,,,,,,
Cas5_0_CAS-I-F,,,,,,2,2,,,,,,,,,,,,,,,,,,,,,,,,,,,,,,,,,,,,,,,,,,,
Cas5_0_CAS-III-A,,,,,,,,,,,,2.1,,,,,2,,,,,,,,,,,,,,,,,,,,,,,,,,,,,,,,,
Cas5a_0_CAS-I-A,4,,,,,,,,,,,,,,,,,,,,,,,,,,,,,,,,,,,,,,,,,,,,,,,,,
Cas5f_0_CAS-I-F,,,,,,2.1,2,,,,,,,,,,,,,,,,,,,,,,,,,,,,,,,,,,,,,,,,,,,
Cas5f_1_CAS-I-F,,,,,,2.1,2,,,,,,,,,,,,,,,,,,,,,,,,,,,,,,,,,,,,,,,,,,,
Cas5f_2_CAS-I-F,,,,,,2.1,2,,,,,,,,,,,,,,,,,,,,,,,,,,,,,,,,,,,,,,,,,,,
Cas5f_3_CAS-I-F,,,,,,2.1,2,,,,,,,,,,,,,,,,,,,,,,,,,,,,,,,,,,,,,,,,,,,
Cas5u_0_CAS-I-U,,,,,,,,4,,,,,,,,,,,,,,,,,,,,,,,,,,,,,,,,,,,,,,,,,,
Cas5u_1_CAS-I-U,,,,,,,,4,,,,,,,,,,,,,,,,,,,,,,,,,,,,,,,,,,,,,,,,,,
Cas6_0_CAS-I-A-III-D,2,,,,,,,,,,,,,,1,,,,,,,,,,,,,,,,,,,,,,,,,,,,,,,,,,,
Cas6_0_CAS-I-II-III-IV-V-VI,2,2,,2,2,2,2,2,,,,1,1,1,1,1,1,2,2,2,2,2,2,2,,,,,,,,,,,,,,,,,,,,,,,,,,
Cas6_1_CAS-I-II-III-IV-V-VI,2,2,,2,2,2,2,2,,,,1,1,1,1,1,1,2,2,2,2,2,2,2,,,,,,,,,,,,,,,,,,,,,,,,,,
Cas6_2_CAS-I-II-III-IV-V-VI,2,2,,2,2,2,2,2,,,,1,1,1,1,1,1,2,2,2,2,2,2,2,,,,,,,,,,,,,,,,,,,,,,,,,,
Cas6_3_CAS-I-II-III-IV-V-VI,2,2,,2,2,2,2,2,,,,1,1,1,1,1,1,2,2,2,2,2,2,2,,,,,,,,,,,,,,,,,,,,,,,,,,
Cas6_4_CAS-I-II-III-IV-V-VI,2,2,,2,2,2,2,2,,,,1,1,1,1,1,1,2,2,2,2,2,2,2,,,,,,,,,,,,,,,,,,,,,,,,,,
Cas6_5_CAS-I-II-III-IV-V-VI,2,2,,2,2,2,2,2,,,,1,1,1,1,1,1,2,2,2,2,2,2,2,,,,,,,,,,,,,,,,,,,,,,,,,,
Cas6_6_CAS-I-II-III-IV-V-VI,2,2,,2,2,2,2,2,,,,1,1,1,1,1,1,2,2,2,2,2,2,2,,,,,,,,,,,,,,,,,,,,,,,,,,
Cas6_7_CAS-I-II-III-IV-V-VI,2,2,,2,2,2,2,2,,,,1,1,1,1,1,1,2,2,2,2,2,2,2,,,,,,,,,,,,,,,,,,,,,,,,,,
Cas6_8_CAS-I-II-III-IV-V-VI,2,2,,2,2,2,2,2,,,,1,1,1,1,1,1,2,2,2,2,2,2,2,,,,,,,,,,,,,,,,,,,,,,,,,,
Cas6_9_CAS-I-II-III-IV-V-VI,2,2,,2,2,2,2,2,,,,1,1,1,1,1,1,2,2,2,2,2,2,2,,,,,,,,,,,,,,,,,,,,,,,,,,
Cas6_10_CAS-I-II-III-IV-V-VI,2,2,,2,2,2,2,2,,,,1,1,1,1,1,1,2,2,2,2,2,2,2,,,,,,,,,,,,,,,,,,,,,,,,,,
Cas6_11_CAS-I-II-III-IV-V-VI,2,2,,2,2,2,2,2,,,,1,1,1,1,1,1,2,2,2,2,2,2,2,,,,,,,,,,,,,,,,,,,,,,,,,,
Cas6_12_CAS-I-II-III-IV-V-VI,2,2,,2,2,2,2,2,,,,1,1,1,1,1,1,2,2,2,2,2,2,2,,,,,,,,,,,,,,,,,,,,,,,,,,
Cas6_13_CAS-I-II-III-IV-V-VI,2,2,,2,2,2,2,2,,,,1,1,1,1,1,1,2,2,2,2,2,2,2,,,,,,,,,,,,,,,,,,,,,,,,,,
Cas6_14_CAS-I-II-III-IV-V-VI,2,2,,2,2,2,2,2,,,,1,1,1,1,1,1,2,2,2,2,2,2,2,,,,,,,,,,,,,,,,,,,,,,,,,,
Cas6_15_CAS-I-II-III-IV-V-VI,2,2,,2,2,2,2,2,,,,1,1,1,1,1,1,2,2,2,2,2,2,2,,,,,,,,,,,,,,,,,,,,,,,,,,
Cas6_0_CAS-I-III-B,2,2,,2,2,2,2,2,,,,,2,,,,,,,,,,,,,,,,,,,,,,,,,,,,,,,,,,,,,
Cas6_0_CAS-I-D,,,,3,,,,,,,,,,,,,,,,,,,,,,,,,,,,,,,,,,,,,,,,,,,,,,
Cas6_0_CAS-III-B-I-B,,2,,,,,,,,,,,1,,,,,,,,,,,,,,,,,,,,,,,,,,,,,,,,,,,,,
Cas6_0_CAS-III-D,,,,,,,,,,,,,,,3,,,,,,,,,,,,,,,,,,,,,,,,,,,,,,,,,,,
Cas6_1_CAS-III-D,,,,,,,,,,,,,,,3,,,,,,,,,,,,,,,,,,,,,,,,,,,,,,,,,,,
Cas6e_0_CAS-I-II-III-IV-V-VI,2,2,,2,2,2,2,2,,,,1,1,1,1,1,1,2,2,2,2,2,2,2,,,,,,,,,,,,,,,,,,,,,,,,,,
Cas6e_1_CAS-I-II-III-IV-V-VI,2,2,,2,2,2,2,2,,,,1,1,1,1,1,1,2,2,2,2,2,2,2,,,,,,,,,,,,,,,,,,,,,,,,,,
Cas6e_2_CAS-I-II-III-IV-V-VI,2,2,,2,2,2,2,2,,,,1,1,1,1,1,1,2,2,2,2,2,2,2,,,,,,,,,,,,,,,,,,,,,,,,,,
Cas6f_0_CAS-I-II-III-IV-V-VI,2,2,,2,2,2,2,2,,,,1,1,1,1,1,1,2,2,2,2,2,2,2,,,,,,,,,,,,,,,,,,,,,,,,,,
Cas6f_1_CAS-I-II-III-IV-V-VI,2,2,,2,2,2,2,2,,,,1,1,1,1,1,1,2,2,2,2,2,2,2,,,,,,,,,,,,,,,,,,,,,,,,,,
Cas6f_2_CAS-I-II-III-IV-V-VI,2,2,,2,2,2,2,2,,,,1,1,1,1,1,1,2,2,2,2,2,2,2,,,,,,,,,,,,,,,,,,,,,,,,,,
Cas7_0_CAS-I,2,2,2,2,2,2,2,2,,,,,,,,,,,,,,,,,,,,,,,,,,,,,,,,,,,,,,,,,,
Cas7_1_CAS-I,2,2,2,2,2,2,2,2,,,,,,,,,,,,,,,,,,,,,,,,,,,,,,,,,,,,,,,,,,
Cas7_2_CAS-I,2,2,2,2,2,2,2,2,,,,,,,,,,,,,,,,,,,,,,,,,,,,,,,,,,,,,,,,,,
Cas7_3_CAS-I,2,2,2,2,2,2,2,2,,,,,,,,,,,,,,,,,,,,,,,,,,,,,,,,,,,,,,,,,,
Cas7_0_CAS-I-B,,4,,,,,,,,,,,,,,,,,,,,,,,,,,,,,,,,,,,,,,,,,,,,,,,,
Cas7_1_CAS-I-B,,4,,,,,,,,,,,,,,,,,,,,,,,,,,,,,,,,,,,,,,,,,,,,,,,,
Cas7_2_CAS-I-B,,4,,,,,,,,,,,,,,,,,,,,,,,,,,,,,,,,,,,,,,,,,,,,,,,,
Cas7_3_CAS-I-B,,4,,,,,,,,,,,,,,,,,,,,,,,,,,,,,,,,,,,,,,,,,,,,,,,,
Cas7_0_CAS-I-C,,,4,,,,,,,,,,,,,,,,,,,,,,,,,,,,,,,,,,,,,,,,,,,,,,,
Cas7_1_CAS-I-C,,,4,,,,,,,,,,,,,,,,,,,,,,,,,,,,,,,,,,,,,,,,,,,,,,,
Cas7_2_CAS-I-C,,,4,,,,,,,,,,,,,,,,,,,,,,,,,,,,,,,,,,,,,,,,,,,,,,,
Cas7_0_CAS-I-E,,,,,4,,,,,,,,,,,,,,,,,,,,,,,,,,,,,,,,,,,,,,,,,,,,,
Cas7_1_CAS-I-E,,,,,4,,,,,,,,,,,,,,,,,,,,,,,,,,,,,,,,,,,,,,,,,,,,,
Cas7_0_CAS-I-F,,,,,,2,2,,,,,,,,,,,,,,,,,,,,,,,,,,,,,,,,,,,,,,,,,,,
Cas7_0_CAS-I-U,,,,,,,,4,,,,,,,,,,,,,,,,,,,,,,,,,,,,,,,,,,,,,,,,,,
Cas7_1_CAS-I-U,,,,,,,,4,,,,,,,,,,,,,,,,,,,,,,,,,,,,,,,,,,,,,,,,,,
Cas7b_0_CAS-I-B,,4,,,,,,,,,,,,,,,,,,,,,,,,,,,,,,,,,,,,,,,,,,,,,,,,
Cas7b_0_CAS-I-B-I-C,,2,2,,,,,,,,,,,,,,,,,,,,,,,,,,,,,,,,,,,,,,,,,,,,,,,
Cas7f_0_CAS-I-F,,,,,,2.1,2,,,,,,,,,,,,,,,,,,,,,,,,,,,,,,,,,,,,,,,,,,,
Cas7f_1_CAS-I-F,,,,,,2.1,2,,,,,,,,,,,,,,,,,,,,,,,,,,,,,,,,,,,,,,,,,,,
Cas7f_2_CAS-I-F,,,,,,2.1,2,,,,,,,,,,,,,,,,,,,,,,,,,,,,,,,,,,,,,,,,,,,
Cas8a1_0_CAS-I-A,4,,,,,,,,,,,,,,,,,,,,,,,,,,,,,,,,,,,,,,,,,,,,,,,,,
Cas8a1_1_CAS-I-A,4,,,,,,,,,,,,,,,,,,,,,,,,,,,,,,,,,,,,,,,,,,,,,,,,,
Cas8a1_2_CAS-I-A,4,,,,,,,,,,,,,,,,,,,,,,,,,,,,,,,,,,,,,,,,,,,,,,,,,
Cas8a1_3_CAS-I-A,4,,,,,,,,,,,,,,,,,,,,,,,,,,,,,,,,,,,,,,,,,,,,,,,,,
Cas8a1_4_CAS-I-A,4,,,,,,,,,,,,,,,,,,,,,,,,,,,,,,,,,,,,,,,,,,,,,,,,,
Cas8a2_0_CAS-I-A,4,,,,,,,,,,,,,,,,,,,,,,,,,,,,,,,,,,,,,,,,,,,,,,,,,
Cas8a2_1_CAS-I-A,4,,,,,,,,,,,,,,,,,,,,,,,,,,,,,,,,,,,,,,,,,,,,,,,,,
Cas8a2_2_CAS-I-A,4,,,,,,,,,,,,,,,,,,,,,,,,,,,,,,,,,,,,,,,,,,,,,,,,,
Cas8a2_3_CAS-I-A,4,,,,,,,,,,,,,,,,,,,,,,,,,,,,,,,,,,,,,,,,,,,,,,,,,
Cas8a2_4_CAS-I-A,4,,,,,,,,,,,,,,,,,,,,,,,,,,,,,,,,,,,,,,,,,,,,,,,,,
Cas8a2_5_CAS-I-A,4,,,,,,,,,,,,,,,,,,,,,,,,,,,,,,,,,,,,,,,,,,,,,,,,,
Cas8a3_0_CAS-I-A,4,,,,,,,,,,,,,,,,,,,,,,,,,,,,,,,,,,,,,,,,,,,,,,,,,
Cas8a3_1_CAS-I-A,4,,,,,,,,,,,,,,,,,,,,,,,,,,,,,,,,,,,,,,,,,,,,,,,,,
Cas8a3_2_CAS-I-A,4,,,,,,,,,,,,,,,,,,,,,,,,,,,,,,,,,,,,,,,,,,,,,,,,,
Cas8a3_3_CAS-I-A,4,,,,,,,,,,,,,,,,,,,,,,,,,,,,,,,,,,,,,,,,,,,,,,,,,
Cas8a4_0_CAS-I-A,4,,,,,,,,,,,,,,,,,,,,,,,,,,,,,,,,,,,,,,,,,,,,,,,,,
Cas8a5_0_CAS-I-A,4,,,,,,,,,,,,,,,,,,,,,,,,,,,,,,,,,,,,,,,,,,,,,,,,,
Cas8a6_0_CAS-I-A,4,,,,,,,,,,,,,,,,,,,,,,,,,,,,,,,,,,,,,,,,,,,,,,,,,
Cas8a7_0_CAS-I-A,4,,,,,,,,,,,,,,,,,,,,,,,,,,,,,,,,,,,,,,,,,,,,,,,,,
Cas8a8_0_CAS-I-A,4,,,,,,,,,,,,,,,,,,,,,,,,,,,,,,,,,,,,,,,,,,,,,,,,,
Cas8a9_0_CAS-I-A,4,,,,,,,,,,,,,,,,,,,,,,,,,,,,,,,,,,,,,,,,,,,,,,,,,
Cas8b1_0_CAS-I-B,,4,,,,,,,,,,,,,,,,,,,,,,,,,,,,,,,,,,,,,,,,,,,,,,,,
Cas8b1_1_CAS-I-B,,4,,,,,,,,,,,,,,,,,,,,,,,,,,,,,,,,,,,,,,,,,,,,,,,,
Cas8b1_2_CAS-I-B,,4,,,,,,,,,,,,,,,,,,,,,,,,,,,,,,,,,,,,,,,,,,,,,,,,
Cas8b1_3_CAS-I-B,,4,,,,,,,,,,,,,,,,,,,,,,,,,,,,,,,,,,,,,,,,,,,,,,,,
Cas8b1_4_CAS-I-B,,4,,,,,,,,,,,,,,,,,,,,,,,,,,,,,,,,,,,,,,,,,,,,,,,,
Cas8b1_5_CAS-I-B,,4,,,,,,,,,,,,,,,,,,,,,,,,,,,,,,,,,,,,,,,,,,,,,,,,
Cas8b1_6_CAS-I-B,,4,,,,,,,,,,,,,,,,,,,,,,,,,,,,,,,,,,,,,,,,,,,,,,,,
Cas8b1_7_CAS-I-B,,4,,,,,,,,,,,,,,,,,,,,,,,,,,,,,,,,,,,,,,,,,,,,,,,,
Cas8b1_8_CAS-I-B,,4,,,,,,,,,,,,,,,,,,,,,,,,,,,,,,,,,,,,,,,,,,,,,,,,
Cas8b1_9_CAS-I-B,,4,,,,,,,,,,,,,,,,,,,,,,,,,,,,,,,,,,,,,,,,,,,,,,,,
Cas8b1_10_CAS-I-B,,4,,,,,,,,,,,,,,,,,,,,,,,,,,,,,,,,,,,,,,,,,,,,,,,,
Cas8b1_11_CAS-I-B,,4,,,,,,,,,,,,,,,,,,,,,,,,,,,,,,,,,,,,,,,,,,,,,,,,
Cas8b1_12_CAS-I-B,,4,,,,,,,,,,,,,,,,,,,,,,,,,,,,,,,,,,,,,,,,,,,,,,,,
Cas8b1_13_CAS-I-B,,4,,,,,,,,,,,,,,,,,,,,,,,,,,,,,,,,,,,,,,,,,,,,,,,,
Cas8b10_0_CAS-I-B,,4,,,,,,,,,,,,,,,,,,,,,,,,,,,,,,,,,,,,,,,,,,,,,,,,
Cas8b11_0_CAS-I-B,,4,,,,,,,,,,,,,,,,,,,,,,,,,,,,,,,,,,,,,,,,,,,,,,,,
Cas8b12_0_CAS-I-B,,4,,,,,,,,,,,,,,,,,,,,,,,,,,,,,,,,,,,,,,,,,,,,,,,,
Cas8b13_0_CAS-I-B,,4,,,,,,,,,,,,,,,,,,,,,,,,,,,,,,,,,,,,,,,,,,,,,,,,
Cas8b2_0_CAS-I-B,,4,,,,,,,,,,,,,,,,,,,,,,,,,,,,,,,,,,,,,,,,,,,,,,,,
Cas8b2_1_CAS-I-B,,4,,,,,,,,,,,,,,,,,,,,,,,,,,,,,,,,,,,,,,,,,,,,,,,,
Cas8b2_2_CAS-I-B,,4,,,,,,,,,,,,,,,,,,,,,,,,,,,,,,,,,,,,,,,,,,,,,,,,
Cas8b2_3_CAS-I-B,,4,,,,,,,,,,,,,,,,,,,,,,,,,,,,,,,,,,,,,,,,,,,,,,,,
Cas8b2_4_CAS-I-B,,4,,,,,,,,,,,,,,,,,,,,,,,,,,,,,,,,,,,,,,,,,,,,,,,,
Cas8b2_5_CAS-I-B,,4,,,,,,,,,,,,,,,,,,,,,,,,,,,,,,,,,,,,,,,,,,,,,,,,
Cas8b2_6_CAS-I-B,,4,,,,,,,,,,,,,,,,,,,,,,,,,,,,,,,,,,,,,,,,,,,,,,,,
Cas8b2_7_CAS-I-B,,4,,,,,,,,,,,,,,,,,,,,,,,,,,,,,,,,,,,,,,,,,,,,,,,,
Cas8b2_8_CAS-I-B,,4,,,,,,,,,,,,,,,,,,,,,,,,,,,,,,,,,,,,,,,,,,,,,,,,
Cas8b3_0_CAS-I-B,,4,,,,,,,,,,,,,,,,,,,,,,,,,,,,,,,,,,,,,,,,,,,,,,,,
Cas8b3_1_CAS-I-B,,4,,,,,,,,,,,,,,,,,,,,,,,,,,,,,,,,,,,,,,,,,,,,,,,,
Cas8b3_2_CAS-I-B,,4,,,,,,,,,,,,,,,,,,,,,,,,,,,,,,,,,,,,,,,,,,,,,,,,
Cas8b4_0_CAS-I-B,,4,,,,,,,,,,,,,,,,,,,,,,,,,,,,,,,,,,,,,,,,,,,,,,,,
Cas8b5_0_CAS-I-B,,4,,,,,,,,,,,,,,,,,,,,,,,,,,,,,,,,,,,,,,,,,,,,,,,,
Cas8b6_0_CAS-I-B,,4,,,,,,,,,,,,,,,,,,,,,,,,,,,,,,,,,,,,,,,,,,,,,,,,
Cas8b7_0_CAS-I-B,,4,,,,,,,,,,,,,,,,,,,,,,,,,,,,,,,,,,,,,,,,,,,,,,,,
Cas8b8_0_CAS-I-B,,4,,,,,,,,,,,,,,,,,,,,,,,,,,,,,,,,,,,,,,,,,,,,,,,,
Cas8b9_0_CAS-I-B,,4,,,,,,,,,,,,,,,,,,,,,,,,,,,,,,,,,,,,,,,,,,,,,,,,
Cas8c_0_CAS-I-C,,,4,,,,,,,,,,,,,,,,,,,,,,,,,,,,,,,,,,,,,,,,,,,,,,,
Cas8c_1_CAS-I-C,,,4,,,,,,,,,,,,,,,,,,,,,,,,,,,,,,,,,,,,,,,,,,,,,,,
Cas8c_2_CAS-I-C,,,4,,,,,,,,,,,,,,,,,,,,,,,,,,,,,,,,,,,,,,,,,,,,,,,
Cas8c_3_CAS-I-C,,,4,,,,,,,,,,,,,,,,,,,,,,,,,,,,,,,,,,,,,,,,,,,,,,,
Cas8e_0_CAS-I-E,,,,,4,,,,,,,,,,,,,,,,,,,,,,,,,,,,,,,,,,,,,,,,,,,,,
Cas8e_1_CAS-I-E,,,,,4,,,,,,,,,,,,,,,,,,,,,,,,,,,,,,,,,,,,,,,,,,,,,
Cas8e_2_CAS-I-E,,,,,4,,,,,,,,,,,,,,,,,,,,,,,,,,,,,,,,,,,,,,,,,,,,,
Cas8e_3_CAS-I-E,,,,,4,,,,,,,,,,,,,,,,,,,,,,,,,,,,,,,,,,,,,,,,,,,,,
Cas8e_4_CAS-I-E,,,,,4,,,,,,,,,,,,,,,,,,,,,,,,,,,,,,,,,,,,,,,,,,,,,
Cas8f_0_CAS-I-F,,,,,,2.1,2,,,,,,,,,,,,,,,,,,,,,,,,,,,,,,,,,,,,,,,,,,,
Cas8f_1_CAS-I-F,,,,,,2.1,2,,,,,,,,,,,,,,,,,,,,,,,,,,,,,,,,,,,,,,,,,,,
Cas8f_2_CAS-I-F,,,,,,2.1,2,,,,,,,,,,,,,,,,,,,,,,,,,,,,,,,,,,,,,,,,,,,
Cas8f_3_CAS-I-F,,,,,,2.1,2,,,,,,,,,,,,,,,,,,,,,,,,,,,,,,,,,,,,,,,,,,,
Cas8f_4_CAS-I-F,,,,,,2.1,2,,,,,,,,,,,,,,,,,,,,,,,,,,,,,,,,,,,,,,,,,,,
Cas8f_5_CAS-I-F,,,,,,2.1,2,,,,,,,,,,,,,,,,,,,,,,,,,,,,,,,,,,,,,,,,,,,
Cas8f_6_CAS-I-F,,,,,,2.1,2,,,,,,,,,,,,,,,,,,,,,,,,,,,,,,,,,,,,,,,,,,,
Cas8f_7_CAS-I-F,,,,,,2.1,2,,,,,,,,,,,,,,,,,,,,,,,,,,,,,,,,,,,,,,,,,,,
Cas8u1_0_CAS-I-U,,,,,,,,4,,,,,,,,,,,,,,,,,,,,,,,,,,,,,,,,,,,,,,,,,,
Cas8u1_1_CAS-I-U,,,,,,,,4,,,,,,,,,,,,,,,,,,,,,,,,,,,,,,,,,,,,,,,,,,
Cas8u2_0_CAS-I-U,,,,,,,,4,,,,,,,,,,,,,,,,,,,,,,,,,,,,,,,,,,,,,,,,,,
Cas8u2_1_CAS-I-U,,,,,,,,4,,,,,,,,,,,,,,,,,,,,,,,,,,,,,,,,,,,,,,,,,,
Cas8u2_2_CAS-I-U,,,,,,,,4,,,,,,,,,,,,,,,,,,,,,,,,,,,,,,,,,,,,,,,,,,
Cas9_0_CAS-II-B,-4,-4,-4,-4,-4,-4,-4,-4,,4,,,,,,,,,,,,,,,,,,,,,,,,,,,,,,,,,,,,,,,,
Cas9_1_CAS-II-C,-4,-4,-4,-4,-4,-4,-4,-4,,,4,,,,,,,,,,,,,,,,,,,,,,,,,,,,,,,,,,,,,,,
CasR_0_CAS-I-II-III-IV-V-VI,,,,,,,,,,,,,,,,,,,,,,,,,,,,,,,,,,,,,,,,,,,,,,,,,,
CasR_1_CAS-I-II-III-IV-V-VI,,,,,,,,,,,,,,,,,,,,,,,,,,,,,,,,,,,,,,,,,,,,,,,,,,
CasR_0_CAS-III-A,,,,,,,,,,,,1,,,,,,,,,,,,,,,,,,,,,,,,,,,,,,,,,,,,,,
CasR_0_CAS-III-B,,,,,,,,,,,,,1,,,,,,,,,,,,,,,,,,,,,,,,,,,,,,,,,,,,,
CasR_1_CAS-III-B,,,,,,,,,,,,,1,,,,,,,,,,,,,,,,,,,,,,,,,,,,,,,,,,,,,
CasR_2_CAS-III-B,,,,,,,,,,,,,1,,,,,,,,,,,,,,,,,,,,,,,,,,,,,,,,,,,,,
CasR_0_CAS-III-B-III-D,,,,,,,,,,,,,1,,1,,,,,,,,,,,,,,,,,,,,,,,,,,,,,,,,,,,
CasR_0_CAS-III-D,,,,,,,,,,,,,,,1,,,,,,,,,,,,,,,,,,,,,,,,,,,,,,,,,,,
CasR_1_CAS-III-D,,,,,,,,,,,,,,,1,,,,,,,,,,,,,,,,,,,,,,,,,,,,,,,,,,,
CasR_2_CAS-III-D,,,,,,,,,,,,,,,1,,,,,,,,,,,,,,,,,,,,,,,,,,,,,,,,,,,
CasR_3_CAS-III-D,,,,,,,,,,,,,,,1,,,,,,,,,,,,,,,,,,,,,,,,,,,,,,,,,,,
CasR_4_CAS-III-D,,,,,,,,,,,,,,,1,,,,,,,,,,,,,,,,,,,,,,,,,,,,,,,,,,,
Cmr1gr7_0_CAS-III-B-III-C,,,,,,,,,,,,,2,2,,,,,,,,,,,,,,,,,,,,,,,,,,,,,,,,,,,,
Cmr1gr7_1_CAS-III-B-III-C,,,,,,,,,,,,,2,2,,,,,,,,,,,,,,,,,,,,,,,,,,,,,,,,,,,,
Cmr1gr7_2_CAS-III-B-III-C,,,,,,,,,,,,,2,2,,,,,,,,,,,,,,,,,,,,,,,,,,,,,,,,,,,,
Cmr1gr7_3_CAS-III-B-III-C,,,,,,,,,,,,,2,2,,,,,,,,,,,,,,,,,,,,,,,,,,,,,,,,,,,,
Cmr1gr7_4_CAS-III-B-III-C,,,,,,,,,,,,,2,2,,,,,,,,,,,,,,,,,,,,,,,,,,,,,,,,,,,,
Cmr1gr7_5_CAS-III-B-III-C,,,,,,,,,,,,,2,2,,,,,,,,,,,,,,,,,,,,,,,,,,,,,,,,,,,,
Cmr1gr7_6_CAS-III-B-III-C,,,,,,,,,,,,,2,2,,,,,,,,,,,,,,,,,,,,,,,,,,,,,,,,,,,,
Cmr1gr7_7_CAS-III-B-III-C,,,,,,,,,,,,,2,2,,,,,,,,,,,,,,,,,,,,,,,,,,,,,,,,,,,,
Cmr3gr5_0_CAS-III-B-III-C,,,,,,,,,,,,,2,2,,,,,,,,,,,,,,,,,,,,,,,,,,,,,,,,,,,,
Cmr3gr5_1_CAS-III-B-III-C,,,,,,,,,,,,,2,2,,,,,,,,,,,,,,,,,,,,,,,,,,,,,,,,,,,,
Cmr3gr5_2_CAS-III-B-III-C,,,,,,,,,,,,,2,2,,,,,,,,,,,,,,,,,,,,,,,,,,,,,,,,,,,,
Cmr3gr5_3_CAS-III-B-III-C,,,,,,,,,,,,,2,2,,,,,,,,,,,,,,,,,,,,,,,,,,,,,,,,,,,,
Cmr3gr5_4_CAS-III-B-III-C,,,,,,,,,,,,,2,2,,,,,,,,,,,,,,,,,,,,,,,,,,,,,,,,,,,,
Cmr3gr5_5_CAS-III-B-III-C,,,,,,,,,,,,,2,2,,,,,,,,,,,,,,,,,,,,,,,,,,,,,,,,,,,,
Cmr3gr5_6_CAS-III-B-III-C,,,,,,,,,,,,,2,2,,,,,,,,,,,,,,,,,,,,,,,,,,,,,,,,,,,,
Cmr3gr5_7_CAS-III-B-III-C,,,,,,,,,,,,,2,2,,,,,,,,,,,,,,,,,,,,,,,,,,,,,,,,,,,,
Cmr4gr7_0_CAS-III-B-III-C,,,,,,,,,,,,,2,2,,,,,,,,,,,,,,,,,,,,,,,,,,,,,,,,,,,,
Cmr4gr7_1_CAS-III-B-III-C,,,,,,,,,,,,,2,2,,,,,,,,,,,,,,,,,,,,,,,,,,,,,,,,,,,,
Cmr5gr11_0_CAS-III-B,,,,,,,,,,,,,4,,,,,,,,,,,,,,,,,,,,,,,,,,,,,,,,,,,,,
Cmr5gr11_1_CAS-III-B,,,,,,,,,,,,,4,,,,,,,,,,,,,,,,,,,,,,,,,,,,,,,,,,,,,
Cmr5gr11_2_CAS-III-B,,,,,,,,,,,,,4,,,,,,,,,,,,,,,,,,,,,,,,,,,,,,,,,,,,,
Cmr5gr11_3_CAS-III-B,,,,,,,,,,,,,4,,,,,,,,,,,,,,,,,,,,,,,,,,,,,,,,,,,,,
Cmr5gr11_4_CAS-III-B,,,,,,,,,,,,,4,,,,,,,,,,,,,,,,,,,,,,,,,,,,,,,,,,,,,
Cmr5gr11_5_CAS-III-B,,,,,,,,,,,,,4,,,,,,,,,,,,,,,,,,,,,,,,,,,,,,,,,,,,,
Cmr5gr11_6_CAS-III-B,,,,,,,,,,,,,4,,,,,,,,,,,,,,,,,,,,,,,,,,,,,,,,,,,,,
Cmr5gr11_7_CAS-III-B,,,,,,,,,,,,,4,,,,,,,,,,,,,,,,,,,,,,,,,,,,,,,,,,,,,
Cmr5gr11_8_CAS-III-B,,,,,,,,,,,,,4,,,,,,,,,,,,,,,,,,,,,,,,,,,,,,,,,,,,,
Cmr5gr11_9_CAS-III-B,,,,,,,,,,,,,4,,,,,,,,,,,,,,,,,,,,,,,,,,,,,,,,,,,,,
Cmr5gr11_10_CAS-III-B,,,,,,,,,,,,,4,,,,,,,,,,,,,,,,,,,,,,,,,,,,,,,,,,,,,
Cmr5gr11_11_CAS-III-B,,,,,,,,,,,,,4,,,,,,,,,,,,,,,,,,,,,,,,,,,,,,,,,,,,,
Cmr5gr11_12_CAS-III-B,,,,,,,,,,,,,4,,,,,,,,,,,,,,,,,,,,,,,,,,,,,,,,,,,,,
Cmr5gr11_13_CAS-III-B,,,,,,,,,,,,,4,,,,,,,,,,,,,,,,,,,,,,,,,,,,,,,,,,,,,
Cmr5gr11_14_CAS-III-B,,,,,,,,,,,,,4,,,,,,,,,,,,,,,,,,,,,,,,,,,,,,,,,,,,,
Cmr5gr11_0_CAS-III-C,,,,,,,,,,,,,,4,,,,,,,,,,,,,,,,,,,,,,,,,,,,,,,,,,,,
Cmr5gr11_1_CAS-III-C,,,,,,,,,,,,,,4,,,,,,,,,,,,,,,,,,,,,,,,,,,,,,,,,,,,
Cmr6gr7_0_CAS-III-B-III-C,,,,,,,,,,,,,2,2,,,,,,,,,,,,,,,,,,,,,,,,,,,,,,,,,,,,
Cmr6gr7_1_CAS-III-B-III-C,,,,,,,,,,,,,2,2,,,,,,,,,,,,,,,,,,,,,,,,,,,,,,,,,,,,
Cmr6gr7_2_CAS-III-B-III-C,,,,,,,,,,,,,2,2,,,,,,,,,,,,,,,,,,,,,,,,,,,,,,,,,,,,
Cmr6gr7_3_CAS-III-B-III-C,,,,,,,,,,,,,2,2,,,,,,,,,,,,,,,,,,,,,,,,,,,,,,,,,,,,
Cmr7_0_CAS-III-B,,,,,,,,,,,,,4,,,,,,,,,,,,,,,,,,,,,,,,,,,,,,,,,,,,,
Cmr8gr7_0_CAS-III,,,,,,,,,,,,2,2,2,2,2,2,,,,,,,,,,,,,,,,,,,,,,,,,,,,,,,,,
CorA_0_CAS-III-B,,,,,,,,,,,,,1,,,,,,,,,,,,,,,,,,,,,,,,,,,,,,,,,,,,,
CorA_1_CAS-III-B,,,,,,,,,,,,,1,,,,,,,,,,,,,,,,,,,,,,,,,,,,,,,,,,,,,
CorA_0_CAS-III-B-III-D,,,,,,,,,,,,,1,,1,,,,,,,,,,,,,,,,,,,,,,,,,,,,,,,,,,,
CorA_0_CAS-III-D,,,,,,,,,,,,,,,1,,,,,,,,,,,,,,,,,,,,,,,,,,,,,,,,,,,
CorA_1_CAS-III-D,,,,,,,,,,,,,,,1,,,,,,,,,,,,,,,,,,,,,,,,,,,,,,,,,,,
Csa3_0_CAS-I-II-III-IV-V-VI,,,,,,,,,,,,,,,,,,,,,,,,,,,,,,,,,,,,,,,,,,,,,,,,,,
Csa3_1_CAS-I-II-III-IV-V-VI,,,,,,,,,,,,,,,,,,,,,,,,,,,,,,,,,,,,,,,,,,,,,,,,,,
Csa5gr11_0_CAS-I-A,4,,,,,,,,,,,,,,,,,,,,,,,,,,,,,,,,,,,,,,,,,,,,,,,,,
Csa5gr11_1_CAS-I-A,4,,,,,,,,,,,,,,,,,,,,,,,,,,,,,,,,,,,,,,,,,,,,,,,,,
Csa5gr11_2_CAS-I-A,4,,,,,,,,,,,,,,,,,,,,,,,,,,,,,,,,,,,,,,,,,,,,,,,,,
Csa5gr11_3_CAS-I-A,4,,,,,,,,,,,,,,,,,,,,,,,,,,,,,,,,,,,,,,,,,,,,,,,,,
Csa5gr11_4_CAS-I-A,4,,,,,,,,,,,,,,,,,,,,,,,,,,,,,,,,,,,,,,,,,,,,,,,,,
Csa5gr11_5_CAS-I-A,4,,,,,,,,,,,,,,,,,,,,,,,,,,,,,,,,,,,,,,,,,,,,,,,,,
Csa5gr11_6_CAS-I-A,4,,,,,,,,,,,,,,,,,,,,,,,,,,,,,,,,,,,,,,,,,,,,,,,,,
Csa5gr11_7_CAS-I-A,4,,,,,,,,,,,,,,,,,,,,,,,,,,,,,,,,,,,,,,,,,,,,,,,,,
Csa5gr11_8_CAS-I-A,4,,,,,,,,,,,,,,,,,,,,,,,,,,,,,,,,,,,,,,,,,,,,,,,,,
Csa5gr11_9_CAS-I-A,4,,,,,,,,,,,,,,,,,,,,,,,,,,,,,,,,,,,,,,,,,,,,,,,,,
Csa5gr11_10_CAS-I-A,4,,,,,,,,,,,,,,,,,,,,,,,,,,,,,,,,,,,,,,,,,,,,,,,,,
Csa5gr11_0_CAS-III-B,,4,,,,,,,,,,,,,,,,,,,,,,,,,,,,,,,,,,,,,,,,,,,,,,,,
Csa5gr11_1_CAS-III-B,,4,,,,,,,,,,,,,,,,,,,,,,,,,,,,,,,,,,,,,,,,,,,,,,,,
Csb1gr7_0_CAS-I-U,,,,,,,,4,,,,,,,,,,,,,,,,,,,,,,,,,,,,,,,,,,,,,,,,,,
Csb2gr5_0_CAS-I-U,,,,,,,,4,,,,,,,,,,,,,,,,,,,,,,,,,,,,,,,,,,,,,,,,,,
Csb2gr5_1_CAS-I-U,,,,,,,,4,,,,,,,,,,,,,,,,,,,,,,,,,,,,,,,,,,,,,,,,,,
Csb3_0_CAS-I-U,,,,,,,,4,,,,,,,,,,,,,,,,,,,,,,,,,,,,,,,,,,,,,,,,,,
Csc1gr5_0_CAS-I-D,,,,4,,,,,,,,,,,,,,,,,,,,,,,,,,,,,,,,,,,,,,,,,,,,,,
Csc1gr5_1_CAS-I-D,,,,4,,,,,,,,,,,,,,,,,,,,,,,,,,,,,,,,,,,,,,,,,,,,,,
Csc1gr5_2_CAS-I-D,,,,4,,,,,,,,,,,,,,,,,,,,,,,,,,,,,,,,,,,,,,,,,,,,,,
Csc1gr5_4_CAS-I-D,,,,4,,,,,,,,,,,,,,,,,,,,,,,,,,,,,,,,,,,,,,,,,,,,,,
Csc1gr5_5_CAS-I-D,,,,4,,,,,,,,,,,,,,,,,,,,,,,,,,,,,,,,,,,,,,,,,,,,,,
Csc2gr7_0_CAS-I-D,,,,4,,,,,,,,,,,,,,,,,,,,,,,,,,,,,,,,,,,,,,,,,,,,,,
Cse2gr11_0_CAS-I-E,,,,,4,,,,,,,,,,,,,,,,,,,,,,,,,,,,,,,,,,,,,,,,,,,,,
Cse2gr11_1_CAS-I-E,,,,,4,,,,,,,,,,,,,,,,,,,,,,,,,,,,,,,,,,,,,,,,,,,,,
Cse2gr11_2_CAS-I-E,,,,,4,,,,,,,,,,,,,,,,,,,,,,,,,,,,,,,,,,,,,,,,,,,,,
Cse2gr11_3_CAS-I-E,,,,,4,,,,,,,,,,,,,,,,,,,,,,,,,,,,,,,,,,,,,,,,,,,,,
Cse2gr11_4_CAS-I-E,,,,,4,,,,,,,,,,,,,,,,,,,,,,,,,,,,,,,,,,,,,,,,,,,,,
Cse2gr11_5_CAS-I-E,,,,,4,,,,,,,,,,,,,,,,,,,,,,,,,,,,,,,,,,,,,,,,,,,,,
Cse2gr11_6_CAS-I-E,,,,,4,,,,,,,,,,,,,,,,,,,,,,,,,,,,,,,,,,,,,,,,,,,,,
Cse2gr11_7_CAS-I-E,,,,,4,,,,,,,,,,,,,,,,,,,,,,,,,,,,,,,,,,,,,,,,,,,,,
Csm2gr11_0_CAS-III-A,,,,,,,,,,,,4,,,,,,,,,,,,,,,,,,,,,,,,,,,,,,,,,,,,,,
Csm2gr11_1_CAS-III-A,,,,,,,,,,,,4,,,,,,,,,,,,,,,,,,,,,,,,,,,,,,,,,,,,,,
Csm2gr11_2_CAS-III-A,,,,,,,,,,,,4,,,,,,,,,,,,,,,,,,,,,,,,,,,,,,,,,,,,,,
Csm2gr11_3_CAS-III-A,,,,,,,,,,,,4,,,,,,,,,,,,,,,,,,,,,,,,,,,,,,,,,,,,,,
Csm2gr11_4_CAS-III-A,,,,,,,,,,,,4,,,,,,,,,,,,,,,,,,,,,,,,,,,,,,,,,,,,,,
Csm2gr11_5_CAS-III-A,,,,,,,,,,,,4,,,,,,,,,,,,,,,,,,,,,,,,,,,,,,,,,,,,,,
Csm2gr11_6_CAS-III-A,,,,,,,,,,,,4,,,,,,,,,,,,,,,,,,,,,,,,,,,,,,,,,,,,,,
Csm2gr11_7_CAS-III-A,,,,,,,,,,,,4,,,,,,,,,,,,,,,,,,,,,,,,,,,,,,,,,,,,,,
Csm2gr11_0_CAS-III-D,,,,,,,,,,,,,,,4,,,,,,,,,,,,,,,,,,,,,,,,,,,,,,,,,,,
Csm2gr11_1_CAS-III-D,,,,,,,,,,,,,,,4,,,,,,,,,,,,,,,,,,,,,,,,,,,,,,,,,,,
Csm2gr11_2_CAS-III-D,,,,,,,,,,,,,,,4,,,,,,,,,,,,,,,,,,,,,,,,,,,,,,,,,,,
Csm2gr11_3_CAS-III-D,,,,,,,,,,,,,,,4,,,,,,,,,,,,,,,,,,,,,,,,,,,,,,,,,,,
Csm2gr11_4_CAS-III-D,,,,,,,,,,,,,,,4,,,,,,,,,,,,,,,,,,,,,,,,,,,,,,,,,,,
Csm2gr11_5_CAS-III-D,,,,,,,,,,,,,,,4,,,,,,,,,,,,,,,,,,,,,,,,,,,,,,,,,,,
Csm2gr11_6_CAS-III-D,,,,,,,,,,,,,,,4,,,,,,,,,,,,,,,,,,,,,,,,,,,,,,,,,,,
Csm3gr7_0_CAS-III-A-III-D,,,,,,,,,,,,2,,,2,,2,,,,,,,,,,,,,,,,,,,,,,,,,,,,,,,,,
Csm3gr7_1_CAS-III-A-III-D,,,,,,,,,,,,2,,,2,,2,,,,,,,,,,,,,,,,,,,,,,,,,,,,,,,,,
Csm3gr7_2_CAS-III-A-III-D,,,,,,,,,,,,2,,,2,,2,,,,,,,,,,,,,,,,,,,,,,,,,,,,,,,,,
Csm3gr7_3_CAS-III-A-III-D,,,,,,,,,,,,2,,,2,,2,,,,,,,,,,,,,,,,,,,,,,,,,,,,,,,,,
Csm3gr7_4_CAS-III-A-III-D,,,,,,,,,,,,2,,,2,,2,,,,,,,,,,,,,,,,,,,,,,,,,,,,,,,,,
Csm3gr7_5_CAS-III-A-III-D,,,,,,,,,,,,2,,,2,,2,,,,,,,,,,,,,,,,,,,,,,,,,,,,,,,,,
Csm3gr7_6_CAS-III-A-III-D,,,,,,,,,,,,2,,,2,,2,,,,,,,,,,,,,,,,,,,,,,,,,,,,,,,,,
Csm3gr7_7_CAS-III-A-III-D,,,,,,,,,,,,2,,,2,,2,,,,,,,,,,,,,,,,,,,,,,,,,,,,,,,,,
Csm3gr7_8_CAS-III-A-III-D,,,,,,,,,,,,2,,,2,,2,,,,,,,,,,,,,,,,,,,,,,,,,,,,,,,,,
Csm3gr7_9_CAS-III-A-III-D,,,,,,,,,,,,2,,,2,,2,,,,,,,,,,,,,,,,,,,,,,,,,,,,,,,,,
Csm3gr7_10_CAS-III-A-III-D,,,,,,,,,,,,2,,,2,,2,,,,,,,,,,,,,,,,,,,,,,,,,,,,,,,,,
Csm3gr7_11_CAS-III-A-III-D,,,,,,,,,,,,2,,,2,,2,,,,,,,,,,,,,,,,,,,,,,,,,,,,,,,,,
Csm3gr7_12_CAS-III-A-III-D,,,,,,,,,,,,2,,,2,,2,,,,,,,,,,,,,,,,,,,,,,,,,,,,,,,,,
Csm4gr5_0_CAS-III-A,,,,,,,,,,,,4,,,,,,,,,,,,,,,,,,,,,,,,,,,,,,,,,,,,,,
Csm4gr5_1_CAS-III-A,,,,,,,,,,,,4,,,,,,,,,,,,,,,,,,,,,,,,,,,,,,,,,,,,,,
Csm4gr5_2_CAS-III-A,,,,,,,,,,,,4,,,,,,,,,,,,,,,,,,,,,,,,,,,,,,,,,,,,,,
Csm4gr5_0_CAS-III-A-III-D,,,,,,,,,,,,2,,,2,,,,,,,,,,,,,,,,,,,,,,,,,,,,,,,,,,,
Csm4gr5_0_CAS-III-D,,,,,,,,,,,,,,,4,,,,,,,,,,,,,,,,,,,,,,,,,,,,,,,,,,,
Csm5gr7_0_CAS-III-A-III-D,,,,,,,,,,,,2,,,2,,,,,,,,,,,,,,,,,,,,,,,,,,,,,,,,,,,
Csm5gr7_1_CAS-III-A-III-D,,,,,,,,,,,,2,,,2,,,,,,,,,,,,,,,,,,,,,,,,,,,,,,,,,,,
Csm5gr7_2_CAS-III-A-III-D,,,,,,,,,,,,2,,,2,,,,,,,,,,,,,,,,,,,,,,,,,,,,,,,,,,,
Csm5gr7_3_CAS-III-A-III-D,,,,,,,,,,,,2,,,2,,,,,,,,,,,,,,,,,,,,,,,,,,,,,,,,,,,
Csm6_0_CAS-III,,,,,,,,,,,,1,1,1,1,1,1,,,,,,,,,,,,,,,,,,,,,,,,,,,,,,,,,
Csm6_1_CAS-III,,,,,,,,,,,,1,1,1,1,1,1,,,,,,,,,,,,,,,,,,,,,,,,,,,,,,,,,
Csm6_2_CAS-III,,,,,,,,,,,,1,1,1,1,1,1,,,,,,,,,,,,,,,,,,,,,,,,,,,,,,,,,
Csm6_3_CAS-III,,,,,,,,,,,,1,1,1,1,1,1,,,,,,,,,,,,,,,,,,,,,,,,,,,,,,,,,
Csm6_4_CAS-III,,,,,,,,,,,,1,1,1,1,1,1,,,,,,,,,,,,,,,,,,,,,,,,,,,,,,,,,
Csm6_5_CAS-III,,,,,,,,,,,,1,1,1,1,1,1,,,,,,,,,,,,,,,,,,,,,,,,,,,,,,,,,
Csm6_6_CAS-III,,,,,,,,,,,,1,1,1,1,1,1,,,,,,,,,,,,,,,,,,,,,,,,,,,,,,,,,
Csm6_7_CAS-III,,,,,,,,,,,,1,1,1,1,1,1,,,,,,,,,,,,,,,,,,,,,,,,,,,,,,,,,
Csn2_0_CAS-II-A,,,,,,,,,3,,,,,,,,,,,,,,,,,,,,,,,,,,,,,,,,,,,,,,,,,
Csn2_1_CAS-II-A,,,,,,,,,3,,,,,,,,,,,,,,,,,,,,,,,,,,,,,,,,,,,,,,,,,
Csn2_2_CAS-II-A,,,,,,,,,3,,,,,,,,,,,,,,,,,,,,,,,,,,,,,,,,,,,,,,,,,
Csn2_3_CAS-II-A,,,,,,,,,3,,,,,,,,,,,,,,,,,,,,,,,,,,,,,,,,,,,,,,,,,
Csn2_4_CAS-II-A,,,,,,,,,3,,,,,,,,,,,,,,,,,,,,,,,,,,,,,,,,,,,,,,,,,
Csn2_5_CAS-II-A,,,,,,,,,3,,,,,,,,,,,,,,,,,,,,,,,,,,,,,,,,,,,,,,,,,
Csn2_6_CAS-II-A,,,,,,,,,3,,,,,,,,,,,,,,,,,,,,,,,,,,,,,,,,,,,,,,,,,
Csn2_7_CAS-II-A,,,,,,,,,3,,,,,,,,,,,,,,,,,,,,,,,,,,,,,,,,,,,,,,,,,
Csn2_8_CAS-II-A,,,,,,,,,3,,,,,,,,,,,,,,,,,,,,,,,,,,,,,,,,,,,,,,,,,
Csn2_9_CAS-II-A,,,,,,,,,3,,,,,,,,,,,,,,,,,,,,,,,,,,,,,,,,,,,,,,,,,
Csn2_10_CAS-II-A,,,,,,,,,3,,,,,,,,,,,,,,,,,,,,,,,,,,,,,,,,,,,,,,,,,
Csn2_11_CAS-II-A,,,,,,,,,3,,,,,,,,,,,,,,,,,,,,,,,,,,,,,,,,,,,,,,,,,
Csn2_12_CAS-II-A,,,,,,,,,3,,,,,,,,,,,,,,,,,,,,,,,,,,,,,,,,,,,,,,,,,
Csn2_13_CAS-II-A,,,,,,,,,3,,,,,,,,,,,,,,,,,,,,,,,,,,,,,,,,,,,,,,,,,
Csn2_0_CAS-II-C,,,,,,,,,,,3,,,,,,,,,,,,,,,,,,,,,,,,,,,,,,,,,,,,,,,
Csx1_0_CAS-III,,,,,,,,,,,,1,1,1,1,1,1,,,,,,,,,,,,,,,,,,,,,,,,,,,,,,,,,
Csx1_1_CAS-III,,,,,,,,,,,,1,1,1,1,1,1,,,,,,,,,,,,,,,,,,,,,,,,,,,,,,,,,
Csx1_2_CAS-III,,,,,,,,,,,,1,1,1,1,1,1,,,,,,,,,,,,,,,,,,,,,,,,,,,,,,,,,
Csx1_3_CAS-III,,,,,,,,,,,,1,1,1,1,1,1,,,,,,,,,,,,,,,,,,,,,,,,,,,,,,,,,
Csx1_4_CAS-III,,,,,,,,,,,,1,1,1,1,1,1,,,,,,,,,,,,,,,,,,,,,,,,,,,,,,,,,
Csx1_5_CAS-III,,,,,,,,,,,,1,1,1,1,1,1,,,,,,,,,,,,,,,,,,,,,,,,,,,,,,,,,
Csx1_6_CAS-III,,,,,,,,,,,,1,1,1,1,1,1,,,,,,,,,,,,,,,,,,,,,,,,,,,,,,,,,
Csx1_7_CAS-III,,,,,,,,,,,,1,1,1,1,1,1,,,,,,,,,,,,,,,,,,,,,,,,,,,,,,,,,
Csx1_8_CAS-III,,,,,,,,,,,,1,1,1,1,1,1,,,,,,,,,,,,,,,,,,,,,,,,,,,,,,,,,
Csx1_9_CAS-III,,,,,,,,,,,,1,1,1,1,1,1,,,,,,,,,,,,,,,,,,,,,,,,,,,,,,,,,
Csx1_10_CAS-III,,,,,,,,,,,,1,1,1,1,1,1,,,,,,,,,,,,,,,,,,,,,,,,,,,,,,,,,
Csx1_11_CAS-III,,,,,,,,,,,,1,1,1,1,1,1,,,,,,,,,,,,,,,,,,,,,,,,,,,,,,,,,
Csx1_12_CAS-III,,,,,,,,,,,,1,1,1,1,1,1,,,,,,,,,,,,,,,,,,,,,,,,,,,,,,,,,
Csx1_13_CAS-III,,,,,,,,,,,,1,1,1,1,1,1,,,,,,,,,,,,,,,,,,,,,,,,,,,,,,,,,
Csx1_14_CAS-III,,,,,,,,,,,,1,1,1,1,1,1,,,,,,,,,,,,,,,,,,,,,,,,,,,,,,,,,
Csx1_15_CAS-III,,,,,,,,,,,,1,1,1,1,1,1,,,,,,,,,,,,,,,,,,,,,,,,,,,,,,,,,
Csx1_16_CAS-III,,,,,,,,,,,,1,1,1,1,1,1,,,,,,,,,,,,,,,,,,,,,,,,,,,,,,,,,
Can2_Card1_17_CAS-III,,,,,,,,,,,,1,1,1,1,1,1,,,,,,,,,,,,,,,,,,,,,,,,,,,,,,,,,
Csx1_18_CAS-III,,,,,,,,,,,,1,1,1,1,1,1,,,,,,,,,,,,,,,,,,,,,,,,,,,,,,,,,
Csx1_19_CAS-III,,,,,,,,,,,,1,1,1,1,1,1,,,,,,,,,,,,,,,,,,,,,,,,,,,,,,,,,
Csx1_20_CAS-III,,,,,,,,,,,,1,1,1,1,1,1,,,,,,,,,,,,,,,,,,,,,,,,,,,,,,,,,
Csx10gr5_0_CAS-III-D,,,,,,,,,,,,,,,3,,,,,,,,,,,,,,,,,,,,,,,,,,,,,,,,,,,
Csx10gr5_1_CAS-III-D,,,,,,,,,,,,,,,3,,,,,,,,,,,,,,,,,,,,,,,,,,,,,,,,,,,
Csx10gr5_2_CAS-III-D,,,,,,,,,,,,,,,3,,,,,,,,,,,,,,,,,,,,,,,,,,,,,,,,,,,
Csx10gr5_3_CAS-III-D,,,,,,,,,,,,,,,3,,,,,,,,,,,,,,,,,,,,,,,,,,,,,,,,,,,
Csx10gr5_4_CAS-III-D,,,,,,,,,,,,,,,3,,,,,,,,,,,,,,,,,,,,,,,,,,,,,,,,,,,
Csx15_0_CAS-I-III,1,1,1,1,1,1,1,1,,,,1,1,1,1,1,1,,,,,,,,,,,,,,,,,,,,,,,,,,,,,,,,,
Csx16_1_CAS-I-III,1,1,1,1,1,1,1,1,,,,1,1,1,1,1,1,,,,,,,,,,,,,,,,,,,,,,,,,,,,,,,,,
Csx16_2_CAS-I-III,1,1,1,1,1,1,1,1,,,,1,1,1,1,1,1,,,,,,,,,,,,,,,,,,,,,,,,,,,,,,,,,
Csx16_3_CAS-I-III,1,1,1,1,1,1,1,1,,,,1,1,1,1,1,1,,,,,,,,,,,,,,,,,,,,,,,,,,,,,,,,,
Csx16_0_CAS-III-B,,,,,,,,,,,,,3,,,,,,,,,,,,,,,,,,,,,,,,,,,,,,,,,,,,,
Csx18_0_CAS-I-III,1,1,1,1,1,1,1,1,,,,1,1,1,1,1,1,,,,,,,,,,,,,,,,,,,,,,,,,,,,,,,,,
Csx19_0_CAS-III-D,,,,,,,,,,,,,,,3,,,,,,,,,,,,,,,,,,,,,,,,,,,,,,,,,,,
Csx19_1_CAS-III-D,,,,,,,,,,,,,,,3,,,,,,,,,,,,,,,,,,,,,,,,,,,,,,,,,,,
Csx19_2_CAS-III-D,,,,,,,,,,,,,,,3,,,,,,,,,,,,,,,,,,,,,,,,,,,,,,,,,,,
Csx19_3_CAS-III-D,,,,,,,,,,,,,,,3,,,,,,,,,,,,,,,,,,,,,,,,,,,,,,,,,,,
Csx19_4_CAS-III-D,,,,,,,,,,,,,,,3,,,,,,,,,,,,,,,,,,,,,,,,,,,,,,,,,,,
Csx19_5_CAS-III-D,,,,,,,,,,,,,,,3,,,,,,,,,,,,,,,,,,,,,,,,,,,,,,,,,,,
Csx19_6_CAS-III-D,,,,,,,,,,,,,,,3,,,,,,,,,,,,,,,,,,,,,,,,,,,,,,,,,,,
Csx19_7_CAS-III-D,,,,,,,,,,,,,,,3,,,,,,,,,,,,,,,,,,,,,,,,,,,,,,,,,,,
Csx19_8_CAS-III-D,,,,,,,,,,,,,,,3,,,,,,,,,,,,,,,,,,,,,,,,,,,,,,,,,,,
Csx19_9_CAS-III-D,,,,,,,,,,,,,,,3,,,,,,,,,,,,,,,,,,,,,,,,,,,,,,,,,,,
Csx19_10_CAS-III-D,,,,,,,,,,,,,,,3,,,,,,,,,,,,,,,,,,,,,,,,,,,,,,,,,,,
Csx19_11_CAS-III-D,,,,,,,,,,,,,,,3,,,,,,,,,,,,,,,,,,,,,,,,,,,,,,,,,,,
Csx19_12_CAS-III-D,,,,,,,,,,,,,,,3,,,,,,,,,,,,,,,,,,,,,,,,,,,,,,,,,,,
Csx19_13_CAS-III-D,,,,,,,,,,,,,,,3,,,,,,,,,,,,,,,,,,,,,,,,,,,,,,,,,,,
Csx19_14_CAS-III-D,,,,,,,,,,,,,,,3,,,,,,,,,,,,,,,,,,,,,,,,,,,,,,,,,,,
Csx19_15_CAS-III-D,,,,,,,,,,,,,,,3,,,,,,,,,,,,,,,,,,,,,,,,,,,,,,,,,,,
Csx19_16_CAS-III-D,,,,,,,,,,,,,,,3,,,,,,,,,,,,,,,,,,,,,,,,,,,,,,,,,,,
Csx19_17_CAS-III-D,,,,,,,,,,,,,,,3,,,,,,,,,,,,,,,,,,,,,,,,,,,,,,,,,,,
Csx19_18_CAS-III-D,,,,,,,,,,,,,,,3,,,,,,,,,,,,,,,,,,,,,,,,,,,,,,,,,,,
Csx19_19_CAS-III-D,,,,,,,,,,,,,,,3,,,,,,,,,,,,,,,,,,,,,,,,,,,,,,,,,,,
Csx19_20_CAS-III-D,,,,,,,,,,,,,,,3,,,,,,,,,,,,,,,,,,,,,,,,,,,,,,,,,,,
Csx20_0_CAS-I-III,1,1,1,1,1,1,1,1,,,,1,1,1,1,1,1,,,,,,,,,,,,,,,,,,,,,,,,,,,,,,,,,
Csx20_1_CAS-I-III,1,1,1,1,1,1,1,1,,,,1,1,1,1,1,1,,,,,,,,,,,,,,,,,,,,,,,,,,,,,,,,,
Csx20_2_CAS-I-III,1,1,1,1,1,1,1,1,,,,1,1,1,1,1,1,,,,,,,,,,,,,,,,,,,,,,,,,,,,,,,,,
Csx21_0_CAS-III-A,,,,,,,,,,,,3,,,,,,,,,,,,,,,,,,,,,,,,,,,,,,,,,,,,,,
Csx21_1_CAS-III-A,,,,,,,,,,,,3,,,,,,,,,,,,,,,,,,,,,,,,,,,,,,,,,,,,,,
Csx21_0_CAS-III-A-III-D,,,,,,,,,,,,1,,,1,,,,,,,,,,,,,,,,,,,,,,,,,,,,,,,,,,,
Csx22_0_CAS-III-A,,,,,,,,,,,,3,,,,,,,,,,,,,,,,,,,,,,,,,,,,,,,,,,,,,,
Csx23_0_CAS-III-D,,,,,,,,,,,,,,,3,,,,,,,,,,,,,,,,,,,,,,,,,,,,,,,,,,,
Csx24_0_CAS-III-D,,,,,,,,,,,,,,,3,,,,,,,,,,,,,,,,,,,,,,,,,,,,,,,,,,,
Csx25_0_CAS-III-D,,,,,,,,,,,,,,,3,,,,,,,,,,,,,,,,,,,,,,,,,,,,,,,,,,,
Csx26_0_CAS-III-D,,,,,,,,,,,,,,,3,,,,,,,,,,,,,,,,,,,,,,,,,,,,,,,,,,,
Csx27_0_CAS-VI-B,,,,,,,,,,,,,,,,,,,,,,,,,,,,,,,,,,,,,,,,,3,,,,,,,,,
Csx28_0_CAS-VI-B,,,,,,,,,,,,,,,,,,,,,,,,,,,,,,,,,,,,,,,,,,3,,,,,,,,
Csx3_0_CAS-I-III,1,1,1,1,1,1,1,1,,,,1,1,1,1,1,1,,,,,,,,,,,,,,,,,,,,,,,,,,,,,,,,,
Csx3_1_CAS-I-III,1,1,1,1,1,1,1,1,,,,1,1,1,1,1,1,,,,,,,,,,,,,,,,,,,,,,,,,,,,,,,,,
Csx3_2_CAS-I-III,1,1,1,1,1,1,1,1,,,,1,1,1,1,1,1,,,,,,,,,,,,,,,,,,,,,,,,,,,,,,,,,
Csx3_3_CAS-I-III,1,1,1,1,1,1,1,1,,,,1,1,1,1,1,1,,,,,,,,,,,,,,,,,,,,,,,,,,,,,,,,,
DEDDh_0_CAS-I-II-III-IV-V-VI,,,,,,,,,,,,,,,,,,,,,,,,,,,,,,,,,,,,,,,,,,,,,,,,,,
DHH_CorA_0_CAS-III-B,,,,,,,,,,,,,1,,,,,,,,,,,,,,,,,,,,,,,,,,,,,,,,,,,,,
gRAMP_0_CAS-III-E,,,,,,,,,,,,,,,,4,,,,,,,,,,,,,,,,,,,,,,,,,,,,,,,,,,
HEAT_CxxC_PDDEXK_0_CAS-I-C,,,1,,,,,,,,,,,,,,,,,,,,,,,,,,,,,,,,,,,,,,,,,,,,,,,
HTH_0_CAS-I-D,,,,1,,,,,,,,,,,,,,,,,,,,,,,,,,,,,,,,,,,,,,,,,,,,,,
HTH_0_CAS-III-A,,,,,,,,,,,,1,,,,,,,,,,,,,,,,,,,,,,,,,,,,,,,,,,,,,,
HTH_0_CAS-III-B,,,,,,,,,,,,,1,,,,,,,,,,,,,,,,,,,,,,,,,,,,,,,,,,,,,
htpX_0_CAS-III-B,,,,,,,,,,,,,1,,,,,,,,,,,,,,,,,,,,,,,,,,,,,,,,,,,,,
Mem_01_0_CAS-III-B,,,,,,,,,,,,,1,,,,,,,,,,,,,,,,,,,,,,,,,,,,,,,,,,,,,
Mem_02_0_CAS-III-D,,,,,,,,,,,,,,,1,,,,,,,,,,,,,,,,,,,,,,,,,,,,,,,,,,,
Mem_03_0_CAS-III-D,,,,,,,,,,,,,,,1,,,,,,,,,,,,,,,,,,,,,,,,,,,,,,,,,,,
Mem_04_0_CAS-III-D,,,,,,,,,,,,,,,1,,,,,,,,,,,,,,,,,,,,,,,,,,,,,,,,,,,
Mem_DnaJ_0_CAS-III-AM,,,,,,,,,,,,1,,,,,,,,,,,,,,,,,,,,,,,,,,,,,,,,,,,,,,
NYN_0_CAS-III-B,,,,,,,,,,,,,1,,,,,,,,,,,,,,,,,,,,,,,,,,,,,,,,,,,,,
PD_DExK_0_CAS-I-B,,1,,,,,,,,,,,,,,,,,,,,,,,,,,,,,,,,,,,,,,,,,,,,,,,,
PD_DExK_0_CAS-I-II-III-IV-V-VI,,,,,,,,,,,,,,,,,,,,,,,,,,,,,,,,,,,,,,,,,,,,,,,,,,
PD_DExK_1_CAS-I-II-III-IV-V-VI,,,,,,,,,,,,,,,,,,,,,,,,,,,,,,,,,,,,,,,,,,,,,,,,,,
PD_DExK_2_CAS-I-II-III-IV-V-VI,,,,,,,,,,,,,,,,,,,,,,,,,,,,,,,,,,,,,,,,,,,,,,,,,,
PD_DExK_NucC_0_CAS-III-A,,,,,,,,,,,,1,,,,,,,,,,,,,,,,,,,,,,,,,,,,,,,,,,,,,,
PEPT_D_0_CAS-III-A,,,,,,,,,,,,1,,,,,,,,,,,,,,,,,,,,,,,,,,,,,,,,,,,,,,
PIWI_0_CAS-III-AM,,,,,,,,,,,,1,,,,,,,,,,,,,,,,,,,,,,,,,,,,,,,,,,,,,,
PrimPol_0_CAS-I-II-III-IV-V-VI,,,,,,,,,,,,,,,,,,,,,,,,,,,,,,,,,,,,,,,,,,,,,,,,,,
PrimPol_1_CAS-I-II-III-IV-V-VI,,,,,,,,,,,,,,,,,,,,,,,,,,,,,,,,,,,,,,,,,,,,,,,,,,
RT_0_CAS-I-II-III-IV-V-VI,,,,,,,,,,,,,,,,,,,,,,,,,,,,,,,,,,,,,,,,,,,,,,,,,,
RT_0_CAS-I-E,,,,,1,,,,,,,,,,,,,,,,,,,,,,,,,,,,,,,,,,,,,,,,,,,,,
RT_0_CAS-III-AM-III-B,,,,,,,,,,,,1,1,,,,,,,,,,,,,,,,,,,,,,,,,,,,,,,,,,,,,
SSgr11_0_CAS-III-F,,,,,,,,,,,,,,,,,4,,,,,,,,,,,,,,,,,,,,,,,,,,,,,,,,,
SSgr11_1_CAS-III-F,,,,,,,,,,,,,,,,,4,,,,,,,,,,,,,,,,,,,,,,,,,,,,,,,,,
STAND_TPR_0_CAS-I-E,,,,,1,,,,,,,,,,,,,,,,,,,,,,,,,,,,,,,,,,,,,,,,,,,,,
ST_Kinase_0_CAS-I-C,,,1,,,,,,,,,,,,,,,,,,,,,,,,,,,,,,,,,,,,,,,,,,,,,,,
tm_4_0_CAS-VI-B,,,,,,,,,,,,,,,,,,,,,,,,,,,,,,,,,,,,,,,,,2,2,,,,,,,,
tm_HEPN_0_CAS-VI-B,,,,,,,,,,,,,,,,,,,,,,,,,,,,,,,,,,,,,,,,,2,2,,,,,,,,
TniQ_0_CAS-I-F,,,,,,-4,4,,,,,,,,,,,,,,,,,,,,,,,,,,,,,,,,,,,,,,,,,,,
Toprim_0_CAS-III-C,,,,,,,,,,,,,,1,,,,,,,,,,,,,,,,,,,,,,,,,,,,,,,,,,,,
TPR_0_CAS-III-A,,,,,,,,,,,,1,,,,,,,,,,,,,,,,,,,,,,,,,,,,,,,,,,,,,,
TPR_1_CAS-III-A,,,,,,,,,,,,1,,,,,,,,,,,,,,,,,,,,,,,,,,,,,,,,,,,,,,
TPR_0_CAS-III-B,,,,,,,,,,,,,1,,,,,,,,,,,,,,,,,,,,,,,,,,,,,,,,,,,,,
TPR_1_CAS-III-B,,,,,,,,,,,,,1,,,,,,,,,,,,,,,,,,,,,,,,,,,,,,,,,,,,,
Unk_01_0_CAS-III-D,,,,,,,,,,,,,,,1,,,,,,,,,,,,,,,,,,,,,,,,,,,,,,,,,,,
Unk_01_1_CAS-III-D,,,,,,,,,,,,,,,1,,,,,,,,,,,,,,,,,,,,,,,,,,,,,,,,,,,
Unk_02_0_CAS-III-A,,,,,,,,,,,,1,,,,,,,,,,,,,,,,,,,,,,,,,,,,,,,,,,,,,,
Unk_02_0_CAS-III-A-III-B,,,,,,,,,,,,1,1,,,,,,,,,,,,,,,,,,,,,,,,,,,,,,,,,,,,,
Unk_03_0_CAS-III-B,,,,,,,,,,,,,1,,,,,,,,,,,,,,,,,,,,,,,,,,,,,,,,,,,,,
Unk_04_0_CAS-I-E,,,,,1,,,,,,,,,,,,,,,,,,,,,,,,,,,,,,,,,,,,,,,,,,,,,
Unk_05_0_CAS-I-B,,1,,,,,,,,,,,,,,,,,,,,,,,,,,,,,,,,,,,,,,,,,,,,,,,,
Unk_06_0_CAS-III-D,,,,,,,,,,,,,,,1,,,,,,,,,,,,,,,,,,,,,,,,,,,,,,,,,,,
WYL_0_CAS-I-II-III-IV-V-VI,,,,,,,,,,,,,,,,,,,,,,,,,,,,,,,,,,,,,,,,,,,,,,,,,,
WYL_1_CAS-I-II-III-IV-V-VI,,,,,,,,,,,,,,,,,,,,,,,,,,,,,,,,,,,,,,,,,,,,,,,,,,
WYL_2_CAS-I-II-III-IV-V-VI,,,,,,,,,,,,,,,,,,,,,,,,,,,,,,,,,,,,,,,,,,,,,,,,,,
WYL_3_CAS-I-II-III-IV-V-VI,,,,,,,,,,,,,,,,,,,,,,,,,,,,,,,,,,,,,,,,,,,,,,,,,,
TniQ_0_V-K,,,,,,,,,,,,,,,,,,,,,,,,,,,,,,,,,,,,,,,1,,,,,,,,,,,
Cas12k_0_V-K,,,,,,,,,,,,,,,,,,,,,,,,,,,,,,,,,,,,,,,4,,,,,,,,,,,
MerR_1_V-K,,,,,,,,,,,,,,,,,,,,,,,,,,,,,,,,,,,,,,,1,,,,,,,,,,,
TnsC_0_V-K,,,,,,,,,,,,,,,,,,,,,,,,,,,,,,,,,,,,,,,1,,,,,,,,,,,
TnsB_0_V-K,,,,,,,,,,,,,,,,,,,,,,,,,,,,,,,,,,,,,,,1,,,,,,,,,,,
TniQ_1_I-F,,,,,,-4,4,,,,,,,,,,,,,,,,,,,,,,,,,,,,,,,,,,,,,,,,,,,
Cas12a_M11_0_V-A,,,,,,,,,,,,,,,,,,,,,,,,,4,,,,,,,,,,,,,,,,,,,,,,,,,
Cas12a_M13_0_V-A,,,,,,,,,,,,,,,,,,,,,,,,,4,,,,,,,,,,,,,,,,,,,,,,,,,
Cas12a_M26_0_V-A,,,,,,,,,,,,,,,,,,,,,,,,,4,,,,,,,,,,,,,,,,,,,,,,,,,
Cas12a_M28_0_V-A,,,,,,,,,,,,,,,,,,,,,,,,,4,,,,,,,,,,,,,,,,,,,,,,,,,
Cas12a_M29_0_V-A,,,,,,,,,,,,,,,,,,,,,,,,,4,,,,,,,,,,,,,,,,,,,,,,,,,
Cas12a_M31_0_V-A,,,,,,,,,,,,,,,,,,,,,,,,,4,,,,,,,,,,,,,,,,,,,,,,,,,
Cas12a_M57_0_V-A,,,,,,,,,,,,,,,,,,,,,,,,,4,,,,,,,,,,,,,,,,,,,,,,,,,
Cas12a_M58_0_V-A,,,,,,,,,,,,,,,,,,,,,,,,,4,,,,,,,,,,,,,,,,,,,,,,,,,
Cas12a_M59_0_V-A,,,,,,,,,,,,,,,,,,,,,,,,,4,,,,,,,,,,,,,,,,,,,,,,,,,
Cas12a_M61_0_V-A,,,,,,,,,,,,,,,,,,,,,,,,,4,,,,,,,,,,,,,,,,,,,,,,,,,
Cas12a_M62_0_V-A,,,,,,,,,,,,,,,,,,,,,,,,,4,,,,,,,,,,,,,,,,,,,,,,,,,
Cas13X_0_VI-X,,,,,,,,,,,,,,,,,,,,,,,,,,,,,,,,,,,,,,,,,,,,,4,,,,,
Cas13Y_0_VI-Y,,,,,,,,,,,,,,,,,,,,,,,,,,,,,,,,,,,,,,,,,,,,,,4,,,,
Cas12l_0_V-L,,,,,,,,,,,,,,,,,,,,,,,,,,,,,,,,,,,,,,,,,,,,,,,4,,,
Cas12m_0_V-M,,,,,,,,,,,,,,,,,,,,,,,,,,,,,,,,,,,,,,,,,,,,,,,,4,,
Cas9_0_II-C2,,,,,,,,,,,,,,,,,,,,,,,,,,,,,,,,,,,,,,,,,,,,,,,,,4,
Cas9_0_II-D,,,,,,,,,,,,,,,,,,,,,,,,,,,,,,,,,,,,,,,,,,,,,,,,,,4
